has_feature_addition,deletions,insertions,num_file_types,is_preventive,project_changes_owner,is_refactoring,whole_within_project_changes,is_merge,num_directory_files,is_corrective,description_length,num_file_changes,project_age,is_non_functional,avg_num_dev_modified_files,last_mth_dep_proj_nbr,ratio_dep_chan_owner,projects_contributed_owner,pctg_cross_project_changes,pctg_cross_project_changes_owner,pctg_mod_file_dep_cha,pred,impact,fold,max_num_mod_file_dep_cha,cross_project_changes_owner,min_num_mod_file_dep_cha,cross_project_changes,whole_changes_owner,num_dev_modified_files
1,2.0,13.0,1.0,0,5.0,0,7.5,0,1.0,0,270.0,23.5,435.1528935185185,0,6.0,0.0,5.555555555555555,9.0,0.0,0.0,0.0,0.13,0.08333333333333341,1,,,,,,
0,12.890360284119486,13.0,1.0,0,5.0,0,7.5,0,1.0,0,270.0,23.5,435.1528935185185,0,6.0,0.0,5.555555555555555,9.0,0.0,0.0,0.0,0.09,-0.25,1,,,,,,
0,2.0,239.8089069569067,1.0,0,5.0,0,7.5,0,1.0,0,270.0,23.5,435.1528935185185,0,6.0,0.0,5.555555555555555,9.0,0.0,0.0,0.0,0.18,0.5,1,,,,,,
0,2.0,13.0,1.6372866862451798,0,5.0,0,7.5,0,1.0,0,270.0,23.5,435.1528935185185,0,6.0,0.0,5.555555555555555,9.0,0.0,0.0,0.0,0.12,0.0,1,,,,,,
0,2.0,13.0,1.0,1,5.0,0,7.5,0,1.0,0,270.0,23.5,435.1528935185185,0,6.0,0.0,5.555555555555555,9.0,0.0,0.0,0.0,0.12,0.0,1,,,,,,
0,2.0,13.0,1.0,0,69.02115139972727,0,7.5,0,1.0,0,270.0,23.5,435.1528935185185,0,6.0,0.0,5.555555555555555,9.0,0.0,0.0,0.0,0.13,0.08333333333333341,1,,,,,,
0,2.0,13.0,1.0,0,5.0,1,7.5,0,1.0,0,270.0,23.5,435.1528935185185,0,6.0,0.0,5.555555555555555,9.0,0.0,0.0,0.0,0.13,0.08333333333333341,1,,,,,,
0,2.0,13.0,1.0,0,5.0,0,16.217737226972403,0,1.0,0,270.0,23.5,435.1528935185185,0,6.0,0.0,5.555555555555555,9.0,0.0,0.0,0.0,0.27,1.2500000000000002,1,,,,,,
0,2.0,13.0,1.0,0,5.0,0,7.5,1,1.0,0,270.0,23.5,435.1528935185185,0,6.0,0.0,5.555555555555555,9.0,0.0,0.0,0.0,0.13,0.08333333333333341,1,,,,,,
0,2.0,13.0,1.0,0,5.0,0,7.5,0,3.910438188571889,0,270.0,23.5,435.1528935185185,0,6.0,0.0,5.555555555555555,9.0,0.0,0.0,0.0,0.12,0.0,1,,,,,,
0,2.0,13.0,1.0,0,5.0,0,7.5,0,1.0,1,270.0,23.5,435.1528935185185,0,6.0,0.0,5.555555555555555,9.0,0.0,0.0,0.0,0.13,0.08333333333333341,1,,,,,,
0,2.0,13.0,1.0,0,5.0,0,7.5,0,1.0,0,514.4765228552487,23.5,435.1528935185185,0,6.0,0.0,5.555555555555555,9.0,0.0,0.0,0.0,0.11,-0.0833333333333333,1,,,,,,
0,2.0,13.0,1.0,0,5.0,0,7.5,0,1.0,0,270.0,172.8458926909944,435.1528935185185,0,6.0,0.0,5.555555555555555,9.0,0.0,0.0,0.0,0.21,0.75,1,,,,,,
0,2.0,13.0,1.0,0,5.0,0,7.5,0,1.0,0,270.0,23.5,658.1896992218824,0,6.0,0.0,5.555555555555555,9.0,0.0,0.0,0.0,0.11,-0.0833333333333333,1,,,,,,
0,2.0,13.0,1.0,0,5.0,0,7.5,0,1.0,0,270.0,23.5,435.1528935185185,1,6.0,0.0,5.555555555555555,9.0,0.0,0.0,0.0,0.24,1.0,1,,,,,,
0,2.0,13.0,1.0,0,5.0,0,7.5,0,1.0,0,270.0,23.5,435.1528935185185,0,36.17633679006275,0.0,5.555555555555555,9.0,0.0,0.0,0.0,0.11,-0.0833333333333333,1,,,,,,
0,2.0,13.0,1.0,0,5.0,0,7.5,0,1.0,0,270.0,23.5,435.1528935185185,0,6.0,0.3288523061170442,5.555555555555555,9.0,0.0,0.0,0.0,0.12,0.0,1,,,,,,
0,2.0,13.0,1.0,0,5.0,0,7.5,0,1.0,0,270.0,23.5,435.1528935185185,0,6.0,0.0,42.176561223625384,9.0,0.0,0.0,0.0,0.71,4.916666666666667,1,,,,,,
0,2.0,13.0,1.0,0,5.0,0,7.5,0,1.0,0,270.0,23.5,435.1528935185185,0,6.0,0.0,5.555555555555555,22.84980245445756,0.0,0.0,0.0,0.24,1.0,1,,,,,,
0,2.0,13.0,1.0,0,5.0,0,7.5,0,1.0,0,270.0,23.5,435.1528935185185,0,6.0,0.0,5.555555555555555,9.0,0.19915208945161872,0.0,0.0,0.12,0.0,1,,,,,,
0,2.0,13.0,1.0,0,5.0,0,7.5,0,1.0,0,270.0,23.5,435.1528935185185,0,6.0,0.0,5.555555555555555,9.0,0.0,0.1081672716038402,0.0,0.12,0.0,1,,,,,,
0,2.0,13.0,1.0,0,5.0,0,7.5,0,1.0,0,270.0,23.5,435.1528935185185,0,6.0,0.0,5.555555555555555,9.0,0.0,0.0,23.053521063418277,0.12,0.0,1,,,,,,
1,2.0,11.0,1.0,0,13.0,0,157.5,0,2.0,0,297.0,32.0,563.8219328703703,0,5.75,0.0,3.8461538461538463,11.0,0.4714285714285714,0.0,0.0,0.7,0.04477611940298495,2,0.0,,,,,
0,1136.619280486259,11.0,1.0,0,13.0,0,157.5,0,2.0,0,297.0,32.0,563.8219328703703,0,5.75,0.0,3.8461538461538463,11.0,0.4714285714285714,0.0,0.0,0.67,0.0,2,0.0,,,,,
0,2.0,9503.09456560752,1.0,0,13.0,0,157.5,0,2.0,0,297.0,32.0,563.8219328703703,0,5.75,0.0,3.8461538461538463,11.0,0.4714285714285714,0.0,0.0,0.61,-0.08955223880597023,2,0.0,,,,,
0,2.0,11.0,1.932037041854064,0,13.0,0,157.5,0,2.0,0,297.0,32.0,563.8219328703703,0,5.75,0.0,3.8461538461538463,11.0,0.4714285714285714,0.0,0.0,0.67,0.0,2,0.0,,,,,
0,2.0,11.0,1.0,1,13.0,0,157.5,0,2.0,0,297.0,32.0,563.8219328703703,0,5.75,0.0,3.8461538461538463,11.0,0.4714285714285714,0.0,0.0,0.68,0.01492537313432837,2,0.0,,,,,
0,2.0,11.0,1.0,0,126.26547260175796,0,157.5,0,2.0,0,297.0,32.0,563.8219328703703,0,5.75,0.0,3.8461538461538463,11.0,0.4714285714285714,0.0,0.0,0.64,-0.044776119402985114,2,0.0,,,,,
0,2.0,11.0,1.0,0,13.0,1,157.5,0,2.0,0,297.0,32.0,563.8219328703703,0,5.75,0.0,3.8461538461538463,11.0,0.4714285714285714,0.0,0.0,0.67,0.0,2,0.0,,,,,
0,2.0,11.0,1.0,0,13.0,0,433.25939007182535,0,2.0,0,297.0,32.0,563.8219328703703,0,5.75,0.0,3.8461538461538463,11.0,0.4714285714285714,0.0,0.0,0.73,0.08955223880597006,2,0.0,,,,,
0,2.0,11.0,1.0,0,13.0,0,157.5,1,2.0,0,297.0,32.0,563.8219328703703,0,5.75,0.0,3.8461538461538463,11.0,0.4714285714285714,0.0,0.0,0.7,0.04477611940298495,2,0.0,,,,,
0,2.0,11.0,1.0,0,13.0,0,157.5,0,24.855384474100134,0,297.0,32.0,563.8219328703703,0,5.75,0.0,3.8461538461538463,11.0,0.4714285714285714,0.0,0.0,0.7,0.04477611940298495,2,0.0,,,,,
0,2.0,11.0,1.0,0,13.0,0,157.5,0,2.0,1,297.0,32.0,563.8219328703703,0,5.75,0.0,3.8461538461538463,11.0,0.4714285714285714,0.0,0.0,0.66,-0.01492537313432837,2,0.0,,,,,
0,2.0,11.0,1.0,0,13.0,0,157.5,0,2.0,0,593.6216849131745,32.0,563.8219328703703,0,5.75,0.0,3.8461538461538463,11.0,0.4714285714285714,0.0,0.0,0.68,0.01492537313432837,2,0.0,,,,,
0,2.0,11.0,1.0,0,13.0,0,157.5,0,2.0,0,297.0,283.6648641602842,563.8219328703703,0,5.75,0.0,3.8461538461538463,11.0,0.4714285714285714,0.0,0.0,0.67,0.0,2,0.0,,,,,
0,2.0,11.0,1.0,0,13.0,0,157.5,0,2.0,0,297.0,32.0,888.5032764556393,0,5.75,0.0,3.8461538461538463,11.0,0.4714285714285714,0.0,0.0,0.69,0.029850746268656577,2,0.0,,,,,
0,2.0,11.0,1.0,0,13.0,0,157.5,0,2.0,0,297.0,32.0,563.8219328703703,1,5.75,0.0,3.8461538461538463,11.0,0.4714285714285714,0.0,0.0,0.66,-0.01492537313432837,2,0.0,,,,,
0,2.0,11.0,1.0,0,13.0,0,157.5,0,2.0,0,297.0,32.0,563.8219328703703,0,52.4644061871971,0.0,3.8461538461538463,11.0,0.4714285714285714,0.0,0.0,0.7,0.04477611940298495,2,0.0,,,,,
0,2.0,11.0,1.0,0,13.0,0,157.5,0,2.0,0,297.0,32.0,563.8219328703703,0,5.75,4.60350799801676,3.8461538461538463,11.0,0.4714285714285714,0.0,0.0,0.76,0.13432835820895517,2,0.0,,,,,
0,2.0,11.0,1.0,0,13.0,0,157.5,0,2.0,0,297.0,32.0,563.8219328703703,0,5.75,0.0,40.267921182288944,11.0,0.4714285714285714,0.0,0.0,0.9,0.3432835820895522,2,0.0,,,,,
0,2.0,11.0,1.0,0,13.0,0,157.5,0,2.0,0,297.0,32.0,563.8219328703703,0,5.75,0.0,3.8461538461538463,38.514465141464726,0.4714285714285714,0.0,0.0,0.87,0.2985074626865671,2,0.0,,,,,
0,2.0,11.0,1.0,0,13.0,0,157.5,0,2.0,0,297.0,32.0,563.8219328703703,0,5.75,0.0,3.8461538461538463,11.0,0.7138977166743067,0.0,0.0,0.67,0.0,2,0.0,,,,,
0,2.0,11.0,1.0,0,13.0,0,157.5,0,2.0,0,297.0,32.0,563.8219328703703,0,5.75,0.0,3.8461538461538463,11.0,0.4714285714285714,0.1875162922009728,0.0,0.64,-0.044776119402985114,2,0.0,,,,,
0,2.0,11.0,1.0,0,13.0,0,157.5,0,2.0,0,297.0,32.0,563.8219328703703,0,5.75,0.0,3.8461538461538463,11.0,0.4714285714285714,0.0,0.0,0.74,0.10447761194029843,2,7.093552249542301,,,,,
0,2.0,11.0,1.0,0,13.0,0,157.5,0,2.0,0,297.0,32.0,563.8219328703703,0,5.75,0.0,3.8461538461538463,11.0,0.4714285714285714,0.0,40.21394253306226,0.68,0.01492537313432837,2,0.0,,,,,
1,2.0,9.0,1.0,0,14.0,0,1119.0,0,2.0,0,277.0,29.0,594.5131944444445,0,,1.0,6.25,13.0,0.4722222222222222,0.0,0.0,0.88,-0.04347826086956525,3,0.0,0.0,,,,
0,3087.478340886077,9.0,1.0,0,14.0,0,1119.0,0,2.0,0,277.0,29.0,594.5131944444445,0,,1.0,6.25,13.0,0.4722222222222222,0.0,0.0,0.87,-0.05434782608695657,3,0.0,0.0,,,,
0,2.0,2084.205312078105,1.0,0,14.0,0,1119.0,0,2.0,0,277.0,29.0,594.5131944444445,0,,1.0,6.25,13.0,0.4722222222222222,0.0,0.0,0.86,-0.06521739130434788,3,0.0,0.0,,,,
0,2.0,9.0,1.975509521681921,0,14.0,0,1119.0,0,2.0,0,277.0,29.0,594.5131944444445,0,,1.0,6.25,13.0,0.4722222222222222,0.0,0.0,0.93,0.010869565217391313,3,0.0,0.0,,,,
0,2.0,9.0,1.0,1,14.0,0,1119.0,0,2.0,0,277.0,29.0,594.5131944444445,0,,1.0,6.25,13.0,0.4722222222222222,0.0,0.0,0.91,-0.010869565217391313,3,0.0,0.0,,,,
0,2.0,9.0,1.0,0,138.76049192369044,0,1119.0,0,2.0,0,277.0,29.0,594.5131944444445,0,,1.0,6.25,13.0,0.4722222222222222,0.0,0.0,0.79,-0.14130434782608695,3,0.0,0.0,,,,
0,2.0,9.0,1.0,0,14.0,1,1119.0,0,2.0,0,277.0,29.0,594.5131944444445,0,,1.0,6.25,13.0,0.4722222222222222,0.0,0.0,0.92,0.0,3,0.0,0.0,,,,
0,2.0,9.0,1.0,0,14.0,0,1119.0,0,2.0,0,277.0,29.0,594.5131944444445,0,,1.0,6.25,13.0,0.4722222222222222,0.0,0.0,0.79,-0.14130434782608695,3,0.0,2.3748178906669244,,,,
0,2.0,9.0,1.0,0,14.0,0,2351.54610457511,0,2.0,0,277.0,29.0,594.5131944444445,0,,1.0,6.25,13.0,0.4722222222222222,0.0,0.0,0.92,0.0,3,0.0,0.0,,,,
0,2.0,9.0,1.0,0,14.0,0,1119.0,1,2.0,0,277.0,29.0,594.5131944444445,0,,1.0,6.25,13.0,0.4722222222222222,0.0,0.0,0.92,0.0,3,0.0,0.0,,,,
0,2.0,9.0,1.0,0,14.0,0,1119.0,0,14.886020417591634,0,277.0,29.0,594.5131944444445,0,,1.0,6.25,13.0,0.4722222222222222,0.0,0.0,0.89,-0.03260869565217394,3,0.0,0.0,,,,
0,2.0,9.0,1.0,0,14.0,0,1119.0,0,2.0,1,277.0,29.0,594.5131944444445,0,,1.0,6.25,13.0,0.4722222222222222,0.0,0.0,0.88,-0.04347826086956525,3,0.0,0.0,,,,
0,2.0,9.0,1.0,0,14.0,0,1119.0,0,2.0,0,653.5260764173504,29.0,594.5131944444445,0,,1.0,6.25,13.0,0.4722222222222222,0.0,0.0,0.94,0.021739130434782507,3,0.0,0.0,,,,
0,2.0,9.0,1.0,0,14.0,0,1119.0,0,2.0,0,277.0,429.354506163215,594.5131944444445,0,,1.0,6.25,13.0,0.4722222222222222,0.0,0.0,0.88,-0.04347826086956525,3,0.0,0.0,,,,
0,2.0,9.0,1.0,0,14.0,0,1119.0,0,2.0,0,277.0,29.0,959.7683326500269,0,,1.0,6.25,13.0,0.4722222222222222,0.0,0.0,0.91,-0.010869565217391313,3,0.0,0.0,,,,
0,2.0,9.0,1.0,0,14.0,0,1119.0,0,2.0,0,277.0,29.0,594.5131944444445,1,,1.0,6.25,13.0,0.4722222222222222,0.0,0.0,0.91,-0.010869565217391313,3,0.0,0.0,,,,
0,2.0,9.0,1.0,0,14.0,0,1119.0,0,2.0,0,277.0,29.0,594.5131944444445,0,,7.705642954737346,6.25,13.0,0.4722222222222222,0.0,0.0,0.91,-0.010869565217391313,3,0.0,0.0,,,,
0,2.0,9.0,1.0,0,14.0,0,1119.0,0,2.0,0,277.0,29.0,594.5131944444445,0,,1.0,38.76935844978946,13.0,0.4722222222222222,0.0,0.0,0.97,0.054347826086956444,3,0.0,0.0,,,,
0,2.0,9.0,1.0,0,14.0,0,1119.0,0,2.0,0,277.0,29.0,594.5131944444445,0,,1.0,6.25,45.42100564192805,0.4722222222222222,0.0,0.0,0.98,0.06521739130434775,3,0.0,0.0,,,,
0,2.0,9.0,1.0,0,14.0,0,1119.0,0,2.0,0,277.0,29.0,594.5131944444445,0,,1.0,6.25,13.0,0.6952417538559498,0.0,0.0,0.93,0.010869565217391313,3,0.0,0.0,,,,
0,2.0,9.0,1.0,0,14.0,0,1119.0,0,2.0,0,277.0,29.0,594.5131944444445,0,,1.0,6.25,13.0,0.4722222222222222,0.21738374923033824,0.0,0.87,-0.05434782608695657,3,0.0,0.0,,,,
0,2.0,9.0,1.0,0,14.0,0,1119.0,0,2.0,0,277.0,29.0,594.5131944444445,0,,1.0,6.25,13.0,0.4722222222222222,0.0,0.0,0.96,0.04347826086956513,3,37.7205848682555,0.0,,,,
0,2.0,9.0,1.0,0,14.0,0,1119.0,0,2.0,0,277.0,29.0,594.5131944444445,0,,1.0,6.25,13.0,0.4722222222222222,0.0,43.67061543016956,0.96,0.04347826086956513,3,0.0,0.0,,,,
1,2.0,9.0,1.0,0,15.0,0,2442.5,0,2.0,0,282.0,28.0,644.6729224537037,0,,1.0,7.6923076923076925,14.0,0.47599126637554584,0.0,0.0,0.97,0.0,4,0.0,0.0,,,,
0,8915.288827299442,9.0,1.0,0,15.0,0,2442.5,0,2.0,0,282.0,28.0,644.6729224537037,0,,1.0,7.6923076923076925,14.0,0.47599126637554584,0.0,0.0,0.88,-0.09278350515463915,4,0.0,0.0,,,,
0,2.0,1002.7301758862732,1.0,0,15.0,0,2442.5,0,2.0,0,282.0,28.0,644.6729224537037,0,,1.0,7.6923076923076925,14.0,0.47599126637554584,0.0,0.0,0.93,-0.04123711340206178,4,0.0,0.0,,,,
0,2.0,9.0,1.8778165788126011,0,15.0,0,2442.5,0,2.0,0,282.0,28.0,644.6729224537037,0,,1.0,7.6923076923076925,14.0,0.47599126637554584,0.0,0.0,0.97,0.0,4,0.0,0.0,,,,
0,2.0,9.0,1.0,1,15.0,0,2442.5,0,2.0,0,282.0,28.0,644.6729224537037,0,,1.0,7.6923076923076925,14.0,0.47599126637554584,0.0,0.0,0.96,-0.010309278350515474,4,0.0,0.0,,,,
0,2.0,9.0,1.0,0,149.29202834141006,0,2442.5,0,2.0,0,282.0,28.0,644.6729224537037,0,,1.0,7.6923076923076925,14.0,0.47599126637554584,0.0,0.0,0.8,-0.17525773195876282,4,0.0,0.0,,,,
0,2.0,9.0,1.0,0,15.0,1,2442.5,0,2.0,0,282.0,28.0,644.6729224537037,0,,1.0,7.6923076923076925,14.0,0.47599126637554584,0.0,0.0,0.95,-0.020618556701030948,4,0.0,0.0,,,,
0,2.0,9.0,1.0,0,15.0,0,2442.5,0,2.0,0,282.0,28.0,644.6729224537037,0,,1.0,7.6923076923076925,14.0,0.47599126637554584,0.0,0.0,0.8,-0.17525773195876282,4,0.0,5.2464568960479845,,,,
0,2.0,9.0,1.0,0,15.0,0,4772.256705582669,0,2.0,0,282.0,28.0,644.6729224537037,0,,1.0,7.6923076923076925,14.0,0.47599126637554584,0.0,0.0,0.97,0.0,4,0.0,0.0,,,,
0,2.0,9.0,1.0,0,15.0,0,2442.5,1,2.0,0,282.0,28.0,644.6729224537037,0,,1.0,7.6923076923076925,14.0,0.47599126637554584,0.0,0.0,0.95,-0.020618556701030948,4,0.0,0.0,,,,
0,2.0,9.0,1.0,0,15.0,0,2442.5,0,12.222216620380944,0,282.0,28.0,644.6729224537037,0,,1.0,7.6923076923076925,14.0,0.47599126637554584,0.0,0.0,0.95,-0.020618556701030948,4,0.0,0.0,,,,
0,2.0,9.0,1.0,0,15.0,0,2442.5,0,2.0,1,282.0,28.0,644.6729224537037,0,,1.0,7.6923076923076925,14.0,0.47599126637554584,0.0,0.0,0.92,-0.051546391752577254,4,0.0,0.0,,,,
0,2.0,9.0,1.0,0,15.0,0,2442.5,0,2.0,0,641.5152742569543,28.0,644.6729224537037,0,,1.0,7.6923076923076925,14.0,0.47599126637554584,0.0,0.0,0.98,0.010309278350515474,4,0.0,0.0,,,,
0,2.0,9.0,1.0,0,15.0,0,2442.5,0,2.0,0,282.0,582.7155227488192,644.6729224537037,0,,1.0,7.6923076923076925,14.0,0.47599126637554584,0.0,0.0,0.94,-0.03092783505154642,4,0.0,0.0,,,,
0,2.0,9.0,1.0,0,15.0,0,2442.5,0,2.0,0,282.0,28.0,1048.60572374083,0,,1.0,7.6923076923076925,14.0,0.47599126637554584,0.0,0.0,0.92,-0.051546391752577254,4,0.0,0.0,,,,
0,2.0,9.0,1.0,0,15.0,0,2442.5,0,2.0,0,282.0,28.0,644.6729224537037,1,,1.0,7.6923076923076925,14.0,0.47599126637554584,0.0,0.0,0.97,0.0,4,0.0,0.0,,,,
0,2.0,9.0,1.0,0,15.0,0,2442.5,0,2.0,0,282.0,28.0,644.6729224537037,0,,7.965665535636536,7.6923076923076925,14.0,0.47599126637554584,0.0,0.0,0.96,-0.010309278350515474,4,0.0,0.0,,,,
0,2.0,9.0,1.0,0,15.0,0,2442.5,0,2.0,0,282.0,28.0,644.6729224537037,0,,1.0,38.8683267670671,14.0,0.47599126637554584,0.0,0.0,0.97,0.0,4,0.0,0.0,,,,
0,2.0,9.0,1.0,0,15.0,0,2442.5,0,2.0,0,282.0,28.0,644.6729224537037,0,,1.0,7.6923076923076925,51.31530302289058,0.47599126637554584,0.0,0.0,0.96,-0.010309278350515474,4,0.0,0.0,,,,
0,2.0,9.0,1.0,0,15.0,0,2442.5,0,2.0,0,282.0,28.0,644.6729224537037,0,,1.0,7.6923076923076925,14.0,0.6823080742452186,0.0,0.0,0.97,0.0,4,0.0,0.0,,,,
0,2.0,9.0,1.0,0,15.0,0,2442.5,0,2.0,0,282.0,28.0,644.6729224537037,0,,1.0,7.6923076923076925,14.0,0.47599126637554584,0.23039009474428745,0.0,0.78,-0.19587628865979376,4,0.0,0.0,,,,
0,2.0,9.0,1.0,0,15.0,0,2442.5,0,2.0,0,282.0,28.0,644.6729224537037,0,,1.0,7.6923076923076925,14.0,0.47599126637554584,0.0,0.0,0.94,-0.03092783505154642,4,63.79731988365039,0.0,,,,
0,2.0,9.0,1.0,0,15.0,0,2442.5,0,2.0,0,282.0,28.0,644.6729224537037,0,,1.0,7.6923076923076925,14.0,0.47599126637554584,0.0,45.10598205822831,0.96,-0.010309278350515474,4,0.0,0.0,,,,
1,2.0,9.0,1.0,0,16.0,0,4071.0,0,2.0,0,278.0,28.0,686.9977025462963,0,,1.0,7.6923076923076925,16.0,0.47694080113434956,0.0,2.245,0.93,0.0,5,,0.0,0.0,,,
0,2020.945598187307,9.0,1.0,0,16.0,0,4071.0,0,2.0,0,278.0,28.0,686.9977025462963,0,,1.0,7.6923076923076925,16.0,0.47694080113434956,0.0,2.245,0.9,-0.03225806451612906,5,,0.0,0.0,,,
0,2.0,1907.9292445613553,1.0,0,16.0,0,4071.0,0,2.0,0,278.0,28.0,686.9977025462963,0,,1.0,7.6923076923076925,16.0,0.47694080113434956,0.0,2.245,0.87,-0.06451612903225812,5,,0.0,0.0,,,
0,2.0,9.0,1.9032273664774557,0,16.0,0,4071.0,0,2.0,0,278.0,28.0,686.9977025462963,0,,1.0,7.6923076923076925,16.0,0.47694080113434956,0.0,2.245,0.94,0.0107526881720429,5,,0.0,0.0,,,
0,2.0,9.0,1.0,1,16.0,0,4071.0,0,2.0,0,278.0,28.0,686.9977025462963,0,,1.0,7.6923076923076925,16.0,0.47694080113434956,0.0,2.245,0.93,0.0,5,,0.0,0.0,,,
0,2.0,9.0,1.0,0,163.9698577061532,0,4071.0,0,2.0,0,278.0,28.0,686.9977025462963,0,,1.0,7.6923076923076925,16.0,0.47694080113434956,0.0,2.245,0.77,-0.17204301075268819,5,,0.0,0.0,,,
0,2.0,9.0,1.0,0,16.0,1,4071.0,0,2.0,0,278.0,28.0,686.9977025462963,0,,1.0,7.6923076923076925,16.0,0.47694080113434956,0.0,2.245,0.93,0.0,5,,0.0,0.0,,,
0,2.0,9.0,1.0,0,16.0,0,4071.0,0,2.0,0,278.0,28.0,686.9977025462963,0,,1.0,7.6923076923076925,16.0,0.47694080113434956,0.0,2.245,0.81,-0.12903225806451613,5,,7.225930401309384,0.0,,,
0,2.0,9.0,1.0,0,16.0,0,7493.092891197664,0,2.0,0,278.0,28.0,686.9977025462963,0,,1.0,7.6923076923076925,16.0,0.47694080113434956,0.0,2.245,0.91,-0.02150537634408604,5,,0.0,0.0,,,
0,2.0,9.0,1.0,0,16.0,0,4071.0,1,2.0,0,278.0,28.0,686.9977025462963,0,,1.0,7.6923076923076925,16.0,0.47694080113434956,0.0,2.245,0.93,0.0,5,,0.0,0.0,,,
0,2.0,9.0,1.0,0,16.0,0,4071.0,0,13.265192993716909,0,278.0,28.0,686.9977025462963,0,,1.0,7.6923076923076925,16.0,0.47694080113434956,0.0,2.245,0.88,-0.053763440860215096,5,,0.0,0.0,,,
0,2.0,9.0,1.0,0,16.0,0,4071.0,0,2.0,1,278.0,28.0,686.9977025462963,0,,1.0,7.6923076923076925,16.0,0.47694080113434956,0.0,2.245,0.91,-0.02150537634408604,5,,0.0,0.0,,,
0,2.0,9.0,1.0,0,16.0,0,4071.0,0,2.0,0,600.3929262869772,28.0,686.9977025462963,0,,1.0,7.6923076923076925,16.0,0.47694080113434956,0.0,2.245,0.95,0.02150537634408592,5,,0.0,0.0,,,
0,2.0,9.0,1.0,0,16.0,0,4071.0,0,2.0,0,278.0,749.7747793107498,686.9977025462963,0,,1.0,7.6923076923076925,16.0,0.47694080113434956,0.0,2.245,0.88,-0.053763440860215096,5,,0.0,0.0,,,
0,2.0,9.0,1.0,0,16.0,0,4071.0,0,2.0,0,278.0,28.0,1124.908594877939,0,,1.0,7.6923076923076925,16.0,0.47694080113434956,0.0,2.245,0.92,-0.01075268817204302,5,,0.0,0.0,,,
0,2.0,9.0,1.0,0,16.0,0,4071.0,0,2.0,0,278.0,28.0,686.9977025462963,1,,1.0,7.6923076923076925,16.0,0.47694080113434956,0.0,2.245,0.91,-0.02150537634408604,5,,0.0,0.0,,,
0,2.0,9.0,1.0,0,16.0,0,4071.0,0,2.0,0,278.0,28.0,686.9977025462963,0,,8.037676204654016,7.6923076923076925,16.0,0.47694080113434956,0.0,2.245,0.94,0.0107526881720429,5,,0.0,0.0,,,
0,2.0,9.0,1.0,0,16.0,0,4071.0,0,2.0,0,278.0,28.0,686.9977025462963,0,,1.0,37.722857118308475,16.0,0.47694080113434956,0.0,2.245,0.96,0.03225806451612894,5,,0.0,0.0,,,
0,2.0,9.0,1.0,0,16.0,0,4071.0,0,2.0,0,278.0,28.0,686.9977025462963,0,,1.0,7.6923076923076925,64.43429126750195,0.47694080113434956,0.0,2.245,0.95,0.02150537634408592,5,,0.0,0.0,,,
0,2.0,9.0,1.0,0,16.0,0,4071.0,0,2.0,0,278.0,28.0,686.9977025462963,0,,1.0,7.6923076923076925,16.0,0.6733465842092117,0.0,2.245,0.94,0.0107526881720429,5,,0.0,0.0,,,
0,2.0,9.0,1.0,0,16.0,0,4071.0,0,2.0,0,278.0,28.0,686.9977025462963,0,,1.0,7.6923076923076925,16.0,0.47694080113434956,0.23512588227454137,2.245,0.8,-0.13978494623655913,5,,0.0,0.0,,,
0,2.0,9.0,1.0,0,16.0,0,4071.0,0,2.0,0,278.0,28.0,686.9977025462963,0,,1.0,7.6923076923076925,16.0,0.47694080113434956,0.0,2.245,0.92,-0.01075268817204302,5,,0.0,58.800935800616934,,,
0,2.0,9.0,1.0,0,16.0,0,4071.0,0,2.0,0,278.0,28.0,686.9977025462963,0,,1.0,7.6923076923076925,16.0,0.47694080113434956,0.0,48.008394465077075,0.95,0.02150537634408592,5,,0.0,0.0,,,
1,2.0,8.0,1.0,0,18.0,0,5925.5,0,1.0,0,278.0,28.0,751.6443055555555,0,,1.0,7.6923076923076925,19.0,0.4782608695652174,0.0,25.0,0.94,0.0,6,,0.0,,,,
0,6360.793364116641,8.0,1.0,0,18.0,0,5925.5,0,1.0,0,278.0,28.0,751.6443055555555,0,,1.0,7.6923076923076925,19.0,0.4782608695652174,0.0,25.0,0.88,-0.06382978723404249,6,,0.0,,,,
0,2.0,1871.3898347526772,1.0,0,18.0,0,5925.5,0,1.0,0,278.0,28.0,751.6443055555555,0,,1.0,7.6923076923076925,19.0,0.4782608695652174,0.0,25.0,0.9,-0.042553191489361625,6,,0.0,,,,
0,2.0,8.0,1.90880390926658,0,18.0,0,5925.5,0,1.0,0,278.0,28.0,751.6443055555555,0,,1.0,7.6923076923076925,19.0,0.4782608695652174,0.0,25.0,0.96,0.02127659574468087,6,,0.0,,,,
0,2.0,8.0,1.0,1,18.0,0,5925.5,0,1.0,0,278.0,28.0,751.6443055555555,0,,1.0,7.6923076923076925,19.0,0.4782608695652174,0.0,25.0,0.95,0.010638297872340436,6,,0.0,,,,
0,2.0,8.0,1.0,0,191.3915973495999,0,5925.5,0,1.0,0,278.0,28.0,751.6443055555555,0,,1.0,7.6923076923076925,19.0,0.4782608695652174,0.0,25.0,0.83,-0.11702127659574467,6,,0.0,,,,
0,2.0,8.0,1.0,0,18.0,1,5925.5,0,1.0,0,278.0,28.0,751.6443055555555,0,,1.0,7.6923076923076925,19.0,0.4782608695652174,0.0,25.0,0.94,0.0,6,,0.0,,,,
0,2.0,8.0,1.0,0,18.0,0,5925.5,0,1.0,0,278.0,28.0,751.6443055555555,0,,1.0,7.6923076923076925,19.0,0.4782608695652174,0.0,25.0,0.86,-0.08510638297872336,6,,10.4432775101784,,,,
0,2.0,8.0,1.0,0,18.0,0,10742.423167595425,0,1.0,0,278.0,28.0,751.6443055555555,0,,1.0,7.6923076923076925,19.0,0.4782608695652174,0.0,25.0,0.94,0.0,6,,0.0,,,,
0,2.0,8.0,1.0,0,18.0,0,5925.5,1,1.0,0,278.0,28.0,751.6443055555555,0,,1.0,7.6923076923076925,19.0,0.4782608695652174,0.0,25.0,0.93,-0.010638297872340318,6,,0.0,,,,
0,2.0,8.0,1.0,0,18.0,0,5925.5,0,13.736536983652067,0,278.0,28.0,751.6443055555555,0,,1.0,7.6923076923076925,19.0,0.4782608695652174,0.0,25.0,0.93,-0.010638297872340318,6,,0.0,,,,
0,2.0,8.0,1.0,0,18.0,0,5925.5,0,1.0,1,278.0,28.0,751.6443055555555,0,,1.0,7.6923076923076925,19.0,0.4782608695652174,0.0,25.0,0.94,0.0,6,,0.0,,,,
0,2.0,8.0,1.0,0,18.0,0,5925.5,0,1.0,0,603.2732915014024,28.0,751.6443055555555,0,,1.0,7.6923076923076925,19.0,0.4782608695652174,0.0,25.0,0.95,0.010638297872340436,6,,0.0,,,,
0,2.0,8.0,1.0,0,18.0,0,5925.5,0,1.0,0,278.0,900.5812959483412,751.6443055555555,0,,1.0,7.6923076923076925,19.0,0.4782608695652174,0.0,25.0,0.94,0.0,6,,0.0,,,,
0,2.0,8.0,1.0,0,18.0,0,5925.5,0,1.0,0,278.0,28.0,1227.7545341367154,0,,1.0,7.6923076923076925,19.0,0.4782608695652174,0.0,25.0,0.95,0.010638297872340436,6,,0.0,,,,
0,2.0,8.0,1.0,0,18.0,0,5925.5,0,1.0,0,278.0,28.0,751.6443055555555,1,,1.0,7.6923076923076925,19.0,0.4782608695652174,0.0,25.0,0.94,0.0,6,,0.0,,,,
0,2.0,8.0,1.0,0,18.0,0,5925.5,0,1.0,0,278.0,28.0,751.6443055555555,0,,8.376116654441251,7.6923076923076925,19.0,0.4782608695652174,0.0,25.0,0.93,-0.010638297872340318,6,,0.0,,,,
0,2.0,8.0,1.0,0,18.0,0,5925.5,0,1.0,0,278.0,28.0,751.6443055555555,0,,1.0,36.63890646611188,19.0,0.4782608695652174,0.0,25.0,0.96,0.02127659574468087,6,,0.0,,,,
0,2.0,8.0,1.0,0,18.0,0,5925.5,0,1.0,0,278.0,28.0,751.6443055555555,0,,1.0,7.6923076923076925,83.22913159095457,0.4782608695652174,0.0,25.0,0.95,0.010638297872340436,6,,0.0,,,,
0,2.0,8.0,1.0,0,18.0,0,5925.5,0,1.0,0,278.0,28.0,751.6443055555555,0,,1.0,7.6923076923076925,19.0,0.6643563510211482,0.0,25.0,0.96,0.02127659574468087,6,,0.0,,,,
0,2.0,8.0,1.0,0,18.0,0,5925.5,0,1.0,0,278.0,28.0,751.6443055555555,0,,1.0,7.6923076923076925,19.0,0.4782608695652174,0.23859865763564156,25.0,0.85,-0.0957446808510638,6,,0.0,,,,
0,2.0,8.0,1.0,0,18.0,0,5925.5,0,1.0,0,278.0,28.0,751.6443055555555,0,,1.0,7.6923076923076925,19.0,0.4782608695652174,0.0,70.97411073628476,0.96,0.02127659574468087,6,,0.0,,,,
1,2.0,8.0,1.0,0,20.0,0,8211.5,0,1.0,0,276.0,27.0,810.9366898148148,0,,1.0,6.25,22.0,0.4804441256731087,0.0,33.33,0.93,-0.031249999999999913,7,1.0,0.0,,,,
0,1785.9691220124384,8.0,1.0,0,20.0,0,8211.5,0,1.0,0,276.0,27.0,810.9366898148148,0,,1.0,6.25,22.0,0.4804441256731087,0.0,33.33,0.9,-0.062499999999999944,7,1.0,0.0,,,,
0,2.0,4088.4656307008704,1.0,0,20.0,0,8211.5,0,1.0,0,276.0,27.0,810.9366898148148,0,,1.0,6.25,22.0,0.4804441256731087,0.0,33.33,0.92,-0.04166666666666659,7,1.0,0.0,,,,
0,2.0,8.0,1.9066755433281748,0,20.0,0,8211.5,0,1.0,0,276.0,27.0,810.9366898148148,0,,1.0,6.25,22.0,0.4804441256731087,0.0,33.33,0.96,0.0,7,1.0,0.0,,,,
0,2.0,8.0,1.0,1,20.0,0,8211.5,0,1.0,0,276.0,27.0,810.9366898148148,0,,1.0,6.25,22.0,0.4804441256731087,0.0,33.33,0.96,0.0,7,1.0,0.0,,,,
0,2.0,8.0,1.0,0,228.41452710193838,0,8211.5,0,1.0,0,276.0,27.0,810.9366898148148,0,,1.0,6.25,22.0,0.4804441256731087,0.0,33.33,0.82,-0.14583333333333334,7,1.0,0.0,,,,
0,2.0,8.0,1.0,0,20.0,1,8211.5,0,1.0,0,276.0,27.0,810.9366898148148,0,,1.0,6.25,22.0,0.4804441256731087,0.0,33.33,0.95,-0.010416666666666676,7,1.0,0.0,,,,
0,2.0,8.0,1.0,0,20.0,0,8211.5,0,1.0,0,276.0,27.0,810.9366898148148,0,,1.0,6.25,22.0,0.4804441256731087,0.0,33.33,0.84,-0.125,7,1.0,15.458963821962568,,,,
0,2.0,8.0,1.0,0,20.0,0,15085.31409265034,0,1.0,0,276.0,27.0,810.9366898148148,0,,1.0,6.25,22.0,0.4804441256731087,0.0,33.33,0.94,-0.020833333333333353,7,1.0,0.0,,,,
0,2.0,8.0,1.0,0,20.0,0,8211.5,1,1.0,0,276.0,27.0,810.9366898148148,0,,1.0,6.25,22.0,0.4804441256731087,0.0,33.33,0.94,-0.020833333333333353,7,1.0,0.0,,,,
0,2.0,8.0,1.0,0,20.0,0,8211.5,0,22.461603440466327,0,276.0,27.0,810.9366898148148,0,,1.0,6.25,22.0,0.4804441256731087,0.0,33.33,0.93,-0.031249999999999913,7,1.0,0.0,,,,
0,2.0,8.0,1.0,0,20.0,0,8211.5,0,1.0,1,276.0,27.0,810.9366898148148,0,,1.0,6.25,22.0,0.4804441256731087,0.0,33.33,0.95,-0.010416666666666676,7,1.0,0.0,,,,
0,2.0,8.0,1.0,0,20.0,0,8211.5,0,1.0,0,574.1031063932971,27.0,810.9366898148148,0,,1.0,6.25,22.0,0.4804441256731087,0.0,33.33,0.92,-0.04166666666666659,7,1.0,0.0,,,,
0,2.0,8.0,1.0,0,20.0,0,8211.5,0,1.0,0,276.0,815.6696049934463,810.9366898148148,0,,1.0,6.25,22.0,0.4804441256731087,0.0,33.33,0.93,-0.031249999999999913,7,1.0,0.0,,,,
0,2.0,8.0,1.0,0,20.0,0,8211.5,0,1.0,0,276.0,27.0,1333.506590374166,0,,1.0,6.25,22.0,0.4804441256731087,0.0,33.33,0.95,-0.010416666666666676,7,1.0,0.0,,,,
0,2.0,8.0,1.0,0,20.0,0,8211.5,0,1.0,0,276.0,27.0,810.9366898148148,1,,1.0,6.25,22.0,0.4804441256731087,0.0,33.33,0.95,-0.010416666666666676,7,1.0,0.0,,,,
0,2.0,8.0,1.0,0,20.0,0,8211.5,0,1.0,0,276.0,27.0,810.9366898148148,0,,9.889487565595756,6.25,22.0,0.4804441256731087,0.0,33.33,0.95,-0.010416666666666676,7,1.0,0.0,,,,
0,2.0,8.0,1.0,0,20.0,0,8211.5,0,1.0,0,276.0,27.0,810.9366898148148,0,,1.0,33.600455979494896,22.0,0.4804441256731087,0.0,33.33,0.96,0.0,7,1.0,0.0,,,,
0,2.0,8.0,1.0,0,20.0,0,8211.5,0,1.0,0,276.0,27.0,810.9366898148148,0,,1.0,6.25,102.1270579525162,0.4804441256731087,0.0,33.33,0.95,-0.010416666666666676,7,1.0,0.0,,,,
0,2.0,8.0,1.0,0,20.0,0,8211.5,0,1.0,0,276.0,27.0,810.9366898148148,0,,1.0,6.25,22.0,0.6597119583627313,0.0,33.33,0.95,-0.010416666666666676,7,1.0,0.0,,,,
0,2.0,8.0,1.0,0,20.0,0,8211.5,0,1.0,0,276.0,27.0,810.9366898148148,0,,1.0,6.25,22.0,0.4804441256731087,0.24103123539085894,33.33,0.8,-0.1666666666666666,7,1.0,0.0,,,,
0,2.0,8.0,1.0,0,20.0,0,8211.5,0,1.0,0,276.0,27.0,810.9366898148148,0,,1.0,6.25,22.0,0.4804441256731087,0.0,33.33,0.96,0.0,7,105.14419988331387,0.0,,,,
0,2.0,8.0,1.0,0,20.0,0,8211.5,0,1.0,0,276.0,27.0,810.9366898148148,0,,1.0,6.25,22.0,0.4804441256731087,0.0,79.48296400436168,0.99,0.03125000000000003,7,1.0,0.0,,,,
1,2.0,7.0,1.0,0,,0,10328.5,0,1.0,0,278.0,27.0,889.0514988425925,0,,2.0,5.555555555555555,25.0,0.4822468262198635,0.0,50.0,1.0,0.0,8,1.0,0.0,,29.0,,
0,13607.99817799189,7.0,1.0,0,,0,10328.5,0,1.0,0,278.0,27.0,889.0514988425925,0,,2.0,5.555555555555555,25.0,0.4822468262198635,0.0,50.0,0.93,-0.06999999999999995,8,1.0,0.0,,29.0,,
0,2.0,7.0,1.0,0,,0,10328.5,0,1.0,0,278.0,27.0,889.0514988425925,0,,2.0,5.555555555555555,25.0,0.4822468262198635,0.0,50.0,0.97,-0.030000000000000027,8,1.0,0.0,,348.24989287784246,,
0,2.0,1746.5186043829965,1.0,0,,0,10328.5,0,1.0,0,278.0,27.0,889.0514988425925,0,,2.0,5.555555555555555,25.0,0.4822468262198635,0.0,50.0,0.98,-0.020000000000000018,8,1.0,0.0,,29.0,,
0,2.0,7.0,1.9048998863730455,0,,0,10328.5,0,1.0,0,278.0,27.0,889.0514988425925,0,,2.0,5.555555555555555,25.0,0.4822468262198635,0.0,50.0,0.98,-0.020000000000000018,8,1.0,0.0,,29.0,,
0,2.0,7.0,1.0,1,,0,10328.5,0,1.0,0,278.0,27.0,889.0514988425925,0,,2.0,5.555555555555555,25.0,0.4822468262198635,0.0,50.0,0.94,-0.06000000000000005,8,1.0,0.0,,29.0,,
0,2.0,7.0,1.0,0,,1,10328.5,0,1.0,0,278.0,27.0,889.0514988425925,0,,2.0,5.555555555555555,25.0,0.4822468262198635,0.0,50.0,0.99,-0.010000000000000009,8,1.0,0.0,,29.0,,
0,2.0,7.0,1.0,0,,0,10328.5,0,1.0,0,278.0,27.0,889.0514988425925,0,,2.0,5.555555555555555,25.0,0.4822468262198635,0.0,50.0,0.76,-0.24,8,1.0,18.863320674261796,,29.0,,
0,2.0,7.0,1.0,0,,0,19133.550679441738,0,1.0,0,278.0,27.0,889.0514988425925,0,,2.0,5.555555555555555,25.0,0.4822468262198635,0.0,50.0,1.0,0.0,8,1.0,0.0,,29.0,,
0,2.0,7.0,1.0,0,,0,10328.5,1,1.0,0,278.0,27.0,889.0514988425925,0,,2.0,5.555555555555555,25.0,0.4822468262198635,0.0,50.0,0.97,-0.030000000000000027,8,1.0,0.0,,29.0,,
0,2.0,7.0,1.0,0,,0,10328.5,0,31.61561869546462,0,278.0,27.0,889.0514988425925,0,,2.0,5.555555555555555,25.0,0.4822468262198635,0.0,50.0,0.99,-0.010000000000000009,8,1.0,0.0,,29.0,,
0,2.0,7.0,1.0,0,,0,10328.5,0,1.0,1,278.0,27.0,889.0514988425925,0,,2.0,5.555555555555555,25.0,0.4822468262198635,0.0,50.0,1.0,0.0,8,1.0,0.0,,29.0,,
0,2.0,7.0,1.0,0,,0,10328.5,0,1.0,0,576.2951382744534,27.0,889.0514988425925,0,,2.0,5.555555555555555,25.0,0.4822468262198635,0.0,50.0,1.0,0.0,8,1.0,0.0,,29.0,,
0,2.0,7.0,1.0,0,,0,10328.5,0,1.0,0,278.0,784.5962219790125,889.0514988425925,0,,2.0,5.555555555555555,25.0,0.4822468262198635,0.0,50.0,0.92,-0.07999999999999996,8,1.0,0.0,,29.0,,
0,2.0,7.0,1.0,0,,0,10328.5,0,1.0,0,278.0,27.0,1463.726454849147,0,,2.0,5.555555555555555,25.0,0.4822468262198635,0.0,50.0,0.99,-0.010000000000000009,8,1.0,0.0,,29.0,,
0,2.0,7.0,1.0,0,,0,10328.5,0,1.0,0,278.0,27.0,889.0514988425925,1,,2.0,5.555555555555555,25.0,0.4822468262198635,0.0,50.0,0.99,-0.010000000000000009,8,1.0,0.0,,29.0,,
0,2.0,7.0,1.0,0,,0,10328.5,0,1.0,0,278.0,27.0,889.0514988425925,0,,10.483986062094061,5.555555555555555,25.0,0.4822468262198635,0.0,50.0,0.99,-0.010000000000000009,8,1.0,0.0,,29.0,,
0,2.0,7.0,1.0,0,,0,10328.5,0,1.0,0,278.0,27.0,889.0514988425925,0,,2.0,31.968593434184015,25.0,0.4822468262198635,0.0,50.0,0.99,-0.010000000000000009,8,1.0,0.0,,29.0,,
0,2.0,7.0,1.0,0,,0,10328.5,0,1.0,0,278.0,27.0,889.0514988425925,0,,2.0,5.555555555555555,115.58599753488228,0.4822468262198635,0.0,50.0,0.99,-0.010000000000000009,8,1.0,0.0,,29.0,,
0,2.0,7.0,1.0,0,,0,10328.5,0,1.0,0,278.0,27.0,889.0514988425925,0,,2.0,5.555555555555555,25.0,0.6531633406263433,0.0,50.0,1.0,0.0,8,1.0,0.0,,29.0,,
0,2.0,7.0,1.0,0,,0,10328.5,0,1.0,0,278.0,27.0,889.0514988425925,0,,2.0,5.555555555555555,25.0,0.4822468262198635,0.24191060345477608,50.0,0.8,-0.19999999999999996,8,1.0,0.0,,29.0,,
0,2.0,7.0,1.0,0,,0,10328.5,0,1.0,0,278.0,27.0,889.0514988425925,0,,2.0,5.555555555555555,25.0,0.4822468262198635,0.0,50.0,0.98,-0.020000000000000018,8,102.39650998056014,0.0,,29.0,,
0,2.0,7.0,1.0,0,,0,10328.5,0,1.0,0,278.0,27.0,889.0514988425925,0,,2.0,5.555555555555555,25.0,0.4822468262198635,0.0,96.22651525814393,0.99,-0.010000000000000009,8,1.0,0.0,,29.0,,
1,2.0,7.0,1.0,0,,0,12859.5,0,1.0,0,281.0,,974.3526967592593,0,,2.0,5.555555555555555,29.0,0.4827586206896552,0.17316341829085458,50.0,0.59,-0.016666666666666684,9,1.0,1.0,,35.0,346.0,10.0
0,13059.282875074612,7.0,1.0,0,,0,12859.5,0,1.0,0,281.0,,974.3526967592593,0,,2.0,5.555555555555555,29.0,0.4827586206896552,0.17316341829085458,50.0,0.67,0.11666666666666678,9,1.0,1.0,,35.0,346.0,10.0
0,2.0,7.0,1.0,0,,0,12859.5,0,1.0,0,281.0,,974.3526967592593,0,,2.0,5.555555555555555,29.0,0.4827586206896552,0.17316341829085458,50.0,0.62,0.03333333333333337,9,1.0,1.0,,418.9789462185743,346.0,10.0
0,2.0,1529.3650818011827,1.0,0,,0,12859.5,0,1.0,0,281.0,,974.3526967592593,0,,2.0,5.555555555555555,29.0,0.4827586206896552,0.17316341829085458,50.0,0.68,0.13333333333333347,9,1.0,1.0,,35.0,346.0,10.0
0,2.0,7.0,1.9691184575855836,0,,0,12859.5,0,1.0,0,281.0,,974.3526967592593,0,,2.0,5.555555555555555,29.0,0.4827586206896552,0.17316341829085458,50.0,0.64,0.06666666666666674,9,1.0,1.0,,35.0,346.0,10.0
0,2.0,7.0,1.0,1,,0,12859.5,0,1.0,0,281.0,,974.3526967592593,0,,2.0,5.555555555555555,29.0,0.4827586206896552,0.17316341829085458,50.0,0.6,0.0,9,1.0,1.0,,35.0,346.0,10.0
0,2.0,7.0,1.0,0,,0,12859.5,0,1.0,0,281.0,,974.3526967592593,0,,2.0,5.555555555555555,29.0,0.4827586206896552,0.17316341829085458,50.0,0.57,-0.050000000000000044,9,1.0,1.0,,35.0,4202.605009925997,10.0
0,2.0,7.0,1.0,0,,1,12859.5,0,1.0,0,281.0,,974.3526967592593,0,,2.0,5.555555555555555,29.0,0.4827586206896552,0.17316341829085458,50.0,0.55,-0.08333333333333323,9,1.0,1.0,,35.0,346.0,10.0
0,2.0,7.0,1.0,0,,0,12859.5,0,1.0,0,281.0,,974.3526967592593,0,,2.0,5.555555555555555,29.0,0.4827586206896552,0.17316341829085458,50.0,0.65,0.08333333333333341,9,1.0,23.25084755943457,,35.0,346.0,10.0
0,2.0,7.0,1.0,0,,0,23566.096611566925,0,1.0,0,281.0,,974.3526967592593,0,,2.0,5.555555555555555,29.0,0.4827586206896552,0.17316341829085458,50.0,0.61,0.016666666666666684,9,1.0,1.0,,35.0,346.0,10.0
0,2.0,7.0,1.0,0,,0,12859.5,1,1.0,0,281.0,,974.3526967592593,0,,2.0,5.555555555555555,29.0,0.4827586206896552,0.17316341829085458,50.0,0.61,0.016666666666666684,9,1.0,1.0,,35.0,346.0,10.0
0,2.0,7.0,1.0,0,,0,12859.5,0,30.301879873270103,0,281.0,,974.3526967592593,0,,2.0,5.555555555555555,29.0,0.4827586206896552,0.17316341829085458,50.0,0.61,0.016666666666666684,9,1.0,1.0,,35.0,346.0,10.0
0,2.0,7.0,1.0,0,,0,12859.5,0,1.0,1,281.0,,974.3526967592593,0,,2.0,5.555555555555555,29.0,0.4827586206896552,0.17316341829085458,50.0,0.61,0.016666666666666684,9,1.0,1.0,,35.0,346.0,10.0
0,2.0,7.0,1.0,0,,0,12859.5,0,1.0,0,590.7277287758374,,974.3526967592593,0,,2.0,5.555555555555555,29.0,0.4827586206896552,0.17316341829085458,50.0,0.65,0.08333333333333341,9,1.0,1.0,,35.0,346.0,10.0
0,2.0,7.0,1.0,0,,0,12859.5,0,1.0,0,281.0,,1634.119751864876,0,,2.0,5.555555555555555,29.0,0.4827586206896552,0.17316341829085458,50.0,0.62,0.03333333333333337,9,1.0,1.0,,35.0,346.0,10.0
0,2.0,7.0,1.0,0,,0,12859.5,0,1.0,0,281.0,,974.3526967592593,1,,2.0,5.555555555555555,29.0,0.4827586206896552,0.17316341829085458,50.0,0.57,-0.050000000000000044,9,1.0,1.0,,35.0,346.0,10.0
0,2.0,7.0,1.0,0,,0,12859.5,0,1.0,0,281.0,,974.3526967592593,0,,2.0,5.555555555555555,29.0,0.4827586206896552,0.17316341829085458,50.0,0.51,-0.14999999999999997,9,1.0,1.0,,35.0,346.0,124.77792799246299
0,2.0,7.0,1.0,0,,0,12859.5,0,1.0,0,281.0,,974.3526967592593,0,,10.117517824101343,5.555555555555555,29.0,0.4827586206896552,0.17316341829085458,50.0,0.61,0.016666666666666684,9,1.0,1.0,,35.0,346.0,10.0
0,2.0,7.0,1.0,0,,0,12859.5,0,1.0,0,281.0,,974.3526967592593,0,,2.0,31.271234465773738,29.0,0.4827586206896552,0.17316341829085458,50.0,0.55,-0.08333333333333323,9,1.0,1.0,,35.0,346.0,10.0
0,2.0,7.0,1.0,0,,0,12859.5,0,1.0,0,281.0,,974.3526967592593,0,,2.0,5.555555555555555,131.89088747433004,0.4827586206896552,0.17316341829085458,50.0,0.61,0.016666666666666684,9,1.0,1.0,,35.0,346.0,10.0
0,2.0,7.0,1.0,0,,0,12859.5,0,1.0,0,281.0,,974.3526967592593,0,,2.0,5.555555555555555,29.0,0.647435728565184,0.17316341829085458,50.0,0.64,0.06666666666666674,9,1.0,1.0,,35.0,346.0,10.0
0,2.0,7.0,1.0,0,,0,12859.5,0,1.0,0,281.0,,974.3526967592593,0,,2.0,5.555555555555555,29.0,0.4827586206896552,0.41472461725241605,50.0,0.61,0.016666666666666684,9,1.0,1.0,,35.0,346.0,10.0
0,2.0,7.0,1.0,0,,0,12859.5,0,1.0,0,281.0,,974.3526967592593,0,,2.0,5.555555555555555,29.0,0.4827586206896552,0.17316341829085458,50.0,0.77,0.28333333333333344,9,99.47651138907845,1.0,,35.0,346.0,10.0
0,2.0,7.0,1.0,0,,0,12859.5,0,1.0,0,281.0,,974.3526967592593,0,,2.0,5.555555555555555,29.0,0.4827586206896552,0.17316341829085458,96.16889005015226,0.65,0.08333333333333341,9,1.0,1.0,,35.0,346.0,10.0
1,2.0,7.0,1.0,0,,0,15357.0,0,1.0,0,285.5,30.0,1071.931232638889,0,,2.0,5.655144448524911,31.0,0.48372093023255813,0.3333333333333333,60.0,0.58,0.07407407407407393,10,,1.0,0.0,42.0,389.0,
0,11808.092482540784,7.0,1.0,0,,0,15357.0,0,1.0,0,285.5,30.0,1071.931232638889,0,,2.0,5.655144448524911,31.0,0.48372093023255813,0.3333333333333333,60.0,0.63,0.1666666666666666,10,,1.0,0.0,42.0,389.0,
0,2.0,7.0,1.0,0,,0,15357.0,0,1.0,0,285.5,30.0,1071.931232638889,0,,2.0,5.655144448524911,31.0,0.48372093023255813,0.3333333333333333,60.0,0.58,0.07407407407407393,10,,1.0,0.0,495.0539440235861,389.0,
0,2.0,4541.136973852695,1.0,0,,0,15357.0,0,1.0,0,285.5,30.0,1071.931232638889,0,,2.0,5.655144448524911,31.0,0.48372093023255813,0.3333333333333333,60.0,0.56,0.03703703703703707,10,,1.0,0.0,42.0,389.0,
0,2.0,7.0,2.001051926952986,0,,0,15357.0,0,1.0,0,285.5,30.0,1071.931232638889,0,,2.0,5.655144448524911,31.0,0.48372093023255813,0.3333333333333333,60.0,0.57,0.05555555555555539,10,,1.0,0.0,42.0,389.0,
0,2.0,7.0,1.0,1,,0,15357.0,0,1.0,0,285.5,30.0,1071.931232638889,0,,2.0,5.655144448524911,31.0,0.48372093023255813,0.3333333333333333,60.0,0.51,-0.0555555555555556,10,,1.0,0.0,42.0,389.0,
0,2.0,7.0,1.0,0,,0,15357.0,0,1.0,0,285.5,30.0,1071.931232638889,0,,2.0,5.655144448524911,31.0,0.48372093023255813,0.3333333333333333,60.0,0.49,-0.09259259259259267,10,,1.0,0.0,42.0,4412.668842658135,
0,2.0,7.0,1.0,0,,1,15357.0,0,1.0,0,285.5,30.0,1071.931232638889,0,,2.0,5.655144448524911,31.0,0.48372093023255813,0.3333333333333333,60.0,0.51,-0.0555555555555556,10,,1.0,0.0,42.0,389.0,
0,2.0,7.0,1.0,0,,0,15357.0,0,1.0,0,285.5,30.0,1071.931232638889,0,,2.0,5.655144448524911,31.0,0.48372093023255813,0.3333333333333333,60.0,0.61,0.12962962962962954,10,,24.08518497409426,0.0,42.0,389.0,
0,2.0,7.0,1.0,0,,0,27915.627786402838,0,1.0,0,285.5,30.0,1071.931232638889,0,,2.0,5.655144448524911,31.0,0.48372093023255813,0.3333333333333333,60.0,0.63,0.1666666666666666,10,,1.0,0.0,42.0,389.0,
0,2.0,7.0,1.0,0,,0,15357.0,1,1.0,0,285.5,30.0,1071.931232638889,0,,2.0,5.655144448524911,31.0,0.48372093023255813,0.3333333333333333,60.0,0.52,-0.03703703703703707,10,,1.0,0.0,42.0,389.0,
0,2.0,7.0,1.0,0,,0,15357.0,0,29.85284357157993,0,285.5,30.0,1071.931232638889,0,,2.0,5.655144448524911,31.0,0.48372093023255813,0.3333333333333333,60.0,0.56,0.03703703703703707,10,,1.0,0.0,42.0,389.0,
0,2.0,7.0,1.0,0,,0,15357.0,0,1.0,1,285.5,30.0,1071.931232638889,0,,2.0,5.655144448524911,31.0,0.48372093023255813,0.3333333333333333,60.0,0.56,0.03703703703703707,10,,1.0,0.0,42.0,389.0,
0,2.0,7.0,1.0,0,,0,15357.0,0,1.0,0,588.2140234681983,30.0,1071.931232638889,0,,2.0,5.655144448524911,31.0,0.48372093023255813,0.3333333333333333,60.0,0.62,0.14814814814814806,10,,1.0,0.0,42.0,389.0,
0,2.0,7.0,1.0,0,,0,15357.0,0,1.0,0,285.5,784.6229117696686,1071.931232638889,0,,2.0,5.655144448524911,31.0,0.48372093023255813,0.3333333333333333,60.0,0.58,0.07407407407407393,10,,1.0,0.0,42.0,389.0,
0,2.0,7.0,1.0,0,,0,15357.0,0,1.0,0,285.5,30.0,1842.7244990081497,0,,2.0,5.655144448524911,31.0,0.48372093023255813,0.3333333333333333,60.0,0.54,0.0,10,,1.0,0.0,42.0,389.0,
0,2.0,7.0,1.0,0,,0,15357.0,0,1.0,0,285.5,30.0,1071.931232638889,1,,2.0,5.655144448524911,31.0,0.48372093023255813,0.3333333333333333,60.0,0.57,0.05555555555555539,10,,1.0,0.0,42.0,389.0,
0,2.0,7.0,1.0,0,,0,15357.0,0,1.0,0,285.5,30.0,1071.931232638889,0,,9.570052997328418,5.655144448524911,31.0,0.48372093023255813,0.3333333333333333,60.0,0.52,-0.03703703703703707,10,,1.0,0.0,42.0,389.0,
0,2.0,7.0,1.0,0,,0,15357.0,0,1.0,0,285.5,30.0,1071.931232638889,0,,2.0,30.75394264159592,31.0,0.48372093023255813,0.3333333333333333,60.0,0.6,0.111111111111111,10,,1.0,0.0,42.0,389.0,
0,2.0,7.0,1.0,0,,0,15357.0,0,1.0,0,285.5,30.0,1071.931232638889,0,,2.0,5.655144448524911,138.67603196580683,0.48372093023255813,0.3333333333333333,60.0,0.58,0.07407407407407393,10,,1.0,0.0,42.0,389.0,
0,2.0,7.0,1.0,0,,0,15357.0,0,1.0,0,285.5,30.0,1071.931232638889,0,,2.0,5.655144448524911,31.0,0.6417631730490356,0.3333333333333333,60.0,0.55,0.018518518518518535,10,,1.0,0.0,42.0,389.0,
0,2.0,7.0,1.0,0,,0,15357.0,0,1.0,0,285.5,30.0,1071.931232638889,0,,2.0,5.655144448524911,31.0,0.48372093023255813,0.5746546878572291,60.0,0.61,0.12962962962962954,10,,1.0,0.0,42.0,389.0,
0,2.0,7.0,1.0,0,,0,15357.0,0,1.0,0,285.5,30.0,1071.931232638889,0,,2.0,5.655144448524911,31.0,0.48372093023255813,0.3333333333333333,60.0,0.62,0.14814814814814806,10,,1.0,74.6045049230632,42.0,389.0,
0,2.0,7.0,1.0,0,,0,15357.0,0,1.0,0,285.5,30.0,1071.931232638889,0,,2.0,5.655144448524911,31.0,0.48372093023255813,0.3333333333333333,105.94992318276131,0.6,0.111111111111111,10,,1.0,0.0,42.0,389.0,
