Feature,Ranking,Classifier,fold0,fold1,fold2,fold3,fold4,fold5,fold6,fold7,fold8,fold9
num_shrd_desc_tkns,1,ET,0.0,0.0,0.0,0.0,0.0,0.0,0.0,0.0,0.0,0.0
num_shrd_desc_tkns,1,RF,5.538461538461538,5.133333333333334,3.789473684210526,3.0,2.72,2.2068965517241383,2.0322580645161286,3.7142857142857144,1.3170731707317074,1.8437500000000002
num_shrd_desc_tkns,1,XGBoost,3.528201103210449,1.0143697261810303,1.5744458436965942,0.5147507786750793,0.5288125872612,0.7031806111335754,0.6095728874206543,0.5476535558700562,0.8227264881134033,0.5147958397865295
num_shrd_desc_tkns,1,AdaBoost,0.05079296558506868,0.048934256052871605,0.04795689253397804,0.04336721517827674,0.04213147448087136,0.051244915132977895,0.047372571437328335,0.05043494274073062,0.04558926338319935,0.0502020067771211
num_shrd_file_tkns,2,ET,0.0,0.0,0.0,-1.0,0.0,0.0,0.0,0.0,0.0,0.0
num_shrd_file_tkns,2,RF,2.615384615384615,3.0,2.263157894736842,1.5416666666666667,1.7200000000000002,1.2068965517241381,1.0967741935483872,1.4761904761904765,0.5853658536585368,0.9375
num_shrd_file_tkns,2,XGBoost,1.768895149230957,0.5713245868682861,1.126194953918457,0.1484384983778,0.3657186031341553,0.3420335650444031,0.36510777473449707,0.25345563888549805,0.3934698700904846,0.34373247623443604
num_shrd_file_tkns,2,AdaBoost,0.009338335662071328,0.01318416423105921,0.012652819758123946,0.013122202511034796,0.013571731219842413,0.016835150043893177,0.012877929940087279,0.01266162316107058,0.015768000791347193,0.012223294411266085
desc_sim,3,ET,0.0,0.0,-1.0,-1.0,0.0,0.0,0.0,0.0,0.0,0.0
desc_sim,3,RF,1.3846153846153846,0.6666666666666667,-0.05263157894736847,0.2083333333333333,0.040000000000000036,-0.13793103448275856,-0.06451612903225812,0.0,0.024390243902439046,0.15624999999999997
desc_sim,3,XGBoost,0.6885769367218018,0.3615316152572632,0.17678596079349518,0.04207823425531387,0.027405748143792152,0.05242425948381424,0.02567380666732788,-0.07829821109771729,0.05091074854135513,0.008924132212996483
desc_sim,3,AdaBoost,0.0,0.002223023977058519,0.0,0.0,0.0018463288689454412,0.0,-0.0032623324983869655,0.0,0.0,0.0
subject_sim,4,ET,0.0,0.0,0.0,-1.0,0.0,0.0,0.0,0.0,0.0,0.0
subject_sim,4,RF,1.0,0.8000000000000002,0.47368421052631593,0.2916666666666667,0.56,0.48275862068965525,0.03225806451612906,0.6190476190476192,-0.02439024390243891,0.1875
subject_sim,4,XGBoost,0.6670039296150208,0.29235267639160156,0.26854798197746277,0.027416164055466652,0.11074850708246231,-0.020231567323207855,0.0370575413107872,0.017488323152065277,0.0720592811703682,-0.015025321394205093
subject_sim,4,AdaBoost,0.026741220291316165,0.0,0.004034007312702845,0.005123031699691439,0.0,0.0,0.0,0.0,0.0,0.0
description_length_source,5,ET,0.0,0.0,0.0,-1.0,0.0,0.0,0.0,0.0,0.0,0.0
description_length_source,5,RF,0.6923076923076923,0.6666666666666667,0.3157894736842105,0.25,0.3600000000000001,0.10344827586206906,0.0,0.19047619047619052,0.0,0.03125000000000003
description_length_source,5,XGBoost,0.9383469820022583,0.22788254916667938,0.2341834157705307,0.052394915372133255,0.03141549602150917,0.17483152449131012,0.1548795998096466,0.0713285356760025,0.20267191529273987,0.08762647956609726
description_length_source,5,AdaBoost,0.0,0.0,0.0,0.0,0.0,0.0,0.0,0.0,0.0,0.0
whole_within_project_changes_source,6,ET,0.0,0.0,0.0,0.0,0.0,0.0,0.0,0.0,0.0,0.0
whole_within_project_changes_source,6,RF,-0.23076923076923075,-0.13333333333333328,-0.05263157894736847,0.1250000000000001,-0.31999999999999995,-0.24137931034482754,0.06451612903225812,0.19047619047619052,0.0,0.34374999999999994
whole_within_project_changes_source,6,XGBoost,-0.677115261554718,-0.11685283482074738,-0.0031169236171990633,0.080726757645607,-0.1621505469083786,-0.10289448499679565,-0.002657313132658601,0.21642568707466125,0.03720751032233238,0.10317060351371765
whole_within_project_changes_source,6,AdaBoost,-0.010112424962731998,0.0,-0.0021011225112531396,0.0,-0.003906995546583769,-0.002734494761518133,-0.001867302864840154,0.003615443080371099,0.003338182946491443,0.0
description_length_target,7,ET,0.0,0.0,0.0,0.0,0.0,0.0,0.0,0.0,0.0,0.0
description_length_target,7,RF,0.6153846153846153,0.6666666666666667,0.21052631578947373,0.5,0.24,0.41379310344827586,0.29032258064516137,0.38095238095238093,0.09756097560975618,0.21875000000000003
description_length_target,7,XGBoost,0.11018229275941849,0.3951904773712158,0.2832469046115875,-0.0009406151948496699,0.06109689548611641,0.24787145853042603,0.09465409070253372,0.05473924055695534,0.1514495462179184,0.08255891501903534
description_length_target,7,AdaBoost,0.0030825610683888308,0.0,0.0,0.0,0.0,0.0,0.0,0.0,0.0,0.0
projects_contributed_owner_target,8,ET,0.0,0.0,0.0,0.0,0.0,0.0,0.0,0.0,0.0,-1.0
projects_contributed_owner_target,8,RF,0.07692307692307698,0.13333333333333347,-0.15789473684210525,-0.04166666666666659,0.08000000000000007,0.0,0.03225806451612906,0.0,-0.2439024390243902,-0.21875000000000003
projects_contributed_owner_target,8,XGBoost,-0.5350390672683716,-0.28225627541542053,-0.4475001096725464,-0.24526461958885193,-0.3765513300895691,-0.3878570795059204,-0.3367181122303009,-0.13586030900478363,-0.5273377895355225,-0.27659109234809875
projects_contributed_owner_target,8,AdaBoost,0.0,0.0,0.0,0.0,0.0,0.0,0.0,0.0,0.0,0.0
projects_contributed_owner_source,8,ET,0.0,0.0,0.0,-1.0,0.0,0.0,0.0,0.0,0.0,0.0
projects_contributed_owner_source,8,RF,0.07692307692307698,-0.06666666666666654,0.15789473684210525,-0.1666666666666666,-0.07999999999999996,-0.17241379310344826,0.03225806451612906,-0.33333333333333326,-0.2439024390243902,-0.1875
projects_contributed_owner_source,8,XGBoost,-0.3619162440299988,-0.37841343879699707,-0.4426698088645935,-0.13574384152889252,-0.37571147084236145,-0.5244362950325012,-0.3881200850009918,-0.3441048860549927,-0.5348042845726013,-0.38538917899131775
projects_contributed_owner_source,8,AdaBoost,0.0,0.0,0.0,0.0,0.0,0.0,0.0,0.0,0.0,0.0
project_age_target,9,ET,0.0,0.0,-1.0,0.0,0.0,0.0,0.0,0.0,0.0,0.0
project_age_target,9,RF,0.23076923076923075,0.3333333333333335,-0.05263157894736847,0.08333333333333341,-0.040000000000000036,0.13793103448275876,0.03225806451612906,0.0,-0.07317073170731701,0.03125000000000003
project_age_target,9,XGBoost,0.05022524297237396,-0.16224001348018646,-0.15060831606388092,-0.12308633327484131,-0.04193572327494621,0.03874387964606285,0.009672165848314762,0.10052703320980072,-0.008332072757184505,-0.2789246737957001
project_age_target,9,AdaBoost,0.0,0.0,0.0,0.0,0.0,0.0,0.0,0.0,0.0,0.0
ratio_dep_chan_owner_source,10,ET,0.0,-1.0,0.0,0.0,0.0,0.0,0.0,0.0,0.0,-1.0
ratio_dep_chan_owner_source,10,RF,0.0,-0.06666666666666654,-0.05263157894736847,0.041666666666666706,0.0,-0.034482758620689495,-0.03225806451612906,0.047619047619047665,-0.07317073170731701,-0.06250000000000006
ratio_dep_chan_owner_source,10,XGBoost,0.04489684849977493,0.03556879609823227,0.0,-0.10585277527570724,-0.1102323979139328,0.0,0.0,-0.03700213506817818,-0.08098206669092178,-0.017714284360408783
ratio_dep_chan_owner_source,10,AdaBoost,0.0,0.0,0.0,0.0,0.0,0.0,0.0,0.0,0.0,0.0
project_age_source,10,ET,0.0,0.0,0.0,0.0,0.0,0.0,0.0,0.0,0.0,0.0
project_age_source,10,RF,-0.15384615384615388,0.13333333333333347,-0.05263157894736847,0.0,-0.07999999999999996,0.06896551724137938,-0.12903225806451607,0.0,-0.14634146341463414,-0.09375000000000008
project_age_source,10,XGBoost,-0.5049093961715698,-0.33633866906166077,-0.21194566786289215,-0.23461993038654327,-0.03125534579157829,0.05750053748488426,-0.008102267049252987,0.0019514643354341388,-0.20991162955760956,-0.23308417201042175
project_age_source,10,AdaBoost,0.0,0.0,0.0,0.0,0.0,0.0,0.0,0.0,0.0,0.0
whole_changes_owner_source,10,ET,0.0,0.0,0.0,0.0,0.0,0.0,0.0,0.0,0.0,-1.0
whole_changes_owner_source,10,RF,0.07692307692307698,-0.06666666666666654,-0.15789473684210525,-0.04166666666666659,-0.12,-0.10344827586206887,-0.29032258064516125,-0.2857142857142857,-0.19512195121951212,-0.09375000000000008
whole_changes_owner_source,10,XGBoost,0.0,0.005317302420735359,-0.39873653650283813,-0.3347219228744507,-0.3795755207538605,-0.25999975204467773,-0.19741040468215942,-0.4912302792072296,-0.3486619293689728,-0.15519848465919495
whole_changes_owner_source,10,AdaBoost,0.0,0.0,0.0,0.0,0.0,0.0,0.0,-0.0020138151676796835,0.0,0.0
whole_changes_owner_target,10,ET,0.0,0.0,0.0,0.0,0.0,0.0,0.0,0.0,0.0,0.0
whole_changes_owner_target,10,RF,0.07692307692307698,-0.06666666666666654,0.0,-0.04166666666666659,-0.12,-0.17241379310344826,-0.22580645161290325,0.09523809523809533,-0.26829268292682923,-0.15624999999999997
whole_changes_owner_target,10,XGBoost,0.0,0.005317302420735359,-0.5886862277984619,-0.29720640182495117,-0.45306384563446045,-0.28721922636032104,-0.2524212896823883,-0.4788298010826111,-0.3316831588745117,-0.10677986592054367
whole_changes_owner_target,10,AdaBoost,0.0,0.0,0.0,0.0,0.0,0.0,0.0,0.0,0.0,0.0
ratio_dep_chan_owner_target,11,ET,0.0,0.0,0.0,0.0,0.0,0.0,0.0,0.0,0.0,0.0
ratio_dep_chan_owner_target,11,RF,0.15384615384615377,-0.06666666666666654,0.05263157894736847,0.08333333333333341,-0.07999999999999996,-0.034482758620689495,-0.09677419354838701,0.14285714285714285,-0.07317073170731701,0.0
ratio_dep_chan_owner_target,11,XGBoost,0.0,-0.03907884657382965,0.05356847494840622,-0.02566530555486679,0.0,-0.04014310613274574,-0.055678244680166245,-0.05352100729942322,0.0007869246182963252,-0.019545909017324448
ratio_dep_chan_owner_target,11,AdaBoost,0.0,0.0,0.0,0.0,0.0,-0.002564308323573931,0.0,0.0,0.0,0.0
num_file_changes_source,11,ET,0.0,-1.0,0.0,0.0,0.0,0.0,0.0,0.0,0.0,0.0
num_file_changes_source,11,RF,0.30769230769230776,0.13333333333333347,0.5263157894736841,0.2083333333333333,-0.12,0.13793103448275876,-0.06451612903225812,0.047619047619047665,-0.07317073170731701,0.06250000000000006
num_file_changes_source,11,XGBoost,0.21439386904239655,-0.19693148136138916,-0.10692235082387924,-0.012475371360778809,-0.06821604818105698,-0.4068433344364166,-0.3143173158168793,-0.30161598324775696,-0.1864113062620163,-0.16475728154182434
num_file_changes_source,11,AdaBoost,0.0,0.0,0.0,0.0,0.0,0.0,0.0,0.0,0.0,0.0
insertions_source,12,ET,0.0,0.0,0.0,0.0,0.0,0.0,0.0,0.0,0.0,0.0
insertions_source,12,RF,0.23076923076923075,0.0,-0.21052631578947373,0.25,0.15999999999999992,0.03448275862068969,-0.22580645161290325,0.28571428571428586,-0.1219512195121951,-0.09375000000000008
insertions_source,12,XGBoost,0.28395065665245056,-0.022257840260863304,0.11289709061384201,0.08905360847711563,-0.1145123764872551,-0.01430496945977211,-0.1927926391363144,0.016106050461530685,-0.0939495712518692,-0.021592412143945694
insertions_source,12,AdaBoost,0.004341093269496459,0.0,0.0,0.0,0.0,0.0,0.0,0.0,0.0,0.0
num_file_changes_target,13,ET,0.0,0.0,0.0,0.0,0.0,0.0,0.0,0.0,0.0,0.0
num_file_changes_target,13,RF,0.0,0.2,0.0,0.041666666666666706,0.040000000000000036,0.10344827586206906,0.09677419354838718,-0.19047619047619038,-0.09756097560975606,0.06250000000000006
num_file_changes_target,13,XGBoost,-0.5901564359664917,-0.5037238597869873,-0.22899773716926575,-0.2369070053100586,-0.13756290078163147,-0.11771682649850845,-0.18132375180721283,-0.1956196129322052,-0.16020162403583527,-0.16472159326076508
num_file_changes_target,13,AdaBoost,0.0,0.0,0.0,0.0,-0.002188443813676493,-0.0028942129865087733,-0.0027778616667279597,0.0,0.0,0.0
insertions_target,13,ET,0.0,0.0,0.0,0.0,0.0,0.0,0.0,0.0,0.0,0.0
insertions_target,13,RF,0.15384615384615377,0.2,0.26315789473684204,0.2083333333333333,0.08000000000000007,0.03448275862068969,0.09677419354838718,0.14285714285714285,-0.17073170731707307,0.15624999999999997
insertions_target,13,XGBoost,0.41919922828674316,0.09534738957881927,0.19820250570774078,-0.12622077763080597,0.09113926440477371,-0.048863377422094345,-0.04949082061648369,0.02418878674507141,-0.030064856633543968,-0.2214072048664093
insertions_target,13,AdaBoost,0.0,0.0,0.0,0.0,0.0,0.0,0.0,0.0,0.0,0.0
pctg_cross_project_changes_source,14,ET,0.0,0.0,0.0,0.0,0.0,0.0,0.0,0.0,0.0,0.0
pctg_cross_project_changes_source,14,RF,0.30769230769230776,0.0,-0.1052631578947368,-0.1666666666666666,-0.040000000000000036,-0.3103448275862068,-0.06451612903225812,-0.2857142857142857,-0.21951219512195116,0.0
pctg_cross_project_changes_source,14,XGBoost,0.046140894293785095,-0.028751090168952942,-0.033417921513319016,-0.17515437304973602,-0.07947318255901337,-0.17744188010692596,-0.1047891303896904,-0.2867836654186249,-0.31033894419670105,-0.2451935112476349
pctg_cross_project_changes_source,14,AdaBoost,0.0,0.0,-0.0028006995114498593,-0.002994752798233326,-0.0027163420212126892,-0.0024355386418466823,-0.0026663615204083092,-0.002552595922950748,-0.003041587585957403,-0.0027698082054808397
add_lines_sim,15,ET,0.0,0.0,0.0,0.0,0.0,0.0,0.0,0.0,0.0,0.0
add_lines_sim,15,RF,0.23076923076923075,0.2,0.0,0.0,0.0,0.13793103448275876,0.12903225806451607,0.14285714285714285,-0.04878048780487796,0.03125000000000003
add_lines_sim,15,XGBoost,-0.24927961826324463,0.0834335908293724,0.1882975697517395,0.014259115792810917,-0.02985604852437973,-0.08076177537441254,-0.04826817661523819,0.015552937984466553,0.03751518577337265,-0.010195191018283367
add_lines_sim,15,AdaBoost,0.0,0.0,0.0,0.0,0.0,0.0,0.0,0.0,0.0,0.0
pctg_cross_project_changes_target,15,ET,0.0,0.0,0.0,0.0,0.0,0.0,0.0,0.0,0.0,0.0
pctg_cross_project_changes_target,15,RF,0.0,0.2,0.1052631578947368,0.16666666666666682,0.0,-0.06896551724137918,0.03225806451612906,-0.04761904761904753,-0.07317073170731701,-0.03125000000000003
pctg_cross_project_changes_target,15,XGBoost,0.07872776687145233,0.3087107539176941,0.14740338921546936,0.02677433006465435,0.06537805497646332,-0.044940557330846786,0.03992139920592308,0.03186923637986183,-0.020756328478455544,-0.034357983618974686
pctg_cross_project_changes_target,15,AdaBoost,0.0,0.0,0.0,0.0,0.0,0.0,0.0,0.0,0.0,0.0
last_mth_dep_proj_nbr_target,16,ET,0.0,0.0,0.0,0.0,0.0,0.0,0.0,0.0,0.0,0.0
last_mth_dep_proj_nbr_target,16,RF,0.30769230769230776,0.06666666666666674,0.0,0.041666666666666706,0.1200000000000001,0.03448275862068969,-0.06451612903225812,0.19047619047619052,0.04878048780487809,0.0937499999999999
last_mth_dep_proj_nbr_target,16,XGBoost,0.36333388090133667,0.0,0.06143733859062195,0.06203913316130638,0.05305742472410202,0.06269735842943192,-0.060153041034936905,0.028679391369223595,-0.056864529848098755,0.004443857818841934
last_mth_dep_proj_nbr_target,16,AdaBoost,0.003642859572151906,0.0,0.0,0.0,0.0,0.0,0.0,0.0,0.0,0.0
last_mth_cro_proj_nbr_target,16,ET,0.0,0.0,0.0,0.0,0.0,0.0,0.0,0.0,0.0,0.0
last_mth_cro_proj_nbr_target,16,RF,0.15384615384615377,0.13333333333333347,0.0,0.16666666666666682,-0.07999999999999996,-0.13793103448275856,0.03225806451612906,0.09523809523809533,0.0,0.0
last_mth_cro_proj_nbr_target,16,XGBoost,-0.3313007950782776,-0.04284520819783211,-0.11485546827316284,-0.1111813336610794,-0.02663063071668148,0.014210364781320095,-0.09909630566835403,-0.1597166806459427,-0.030743930488824844,-0.13639087975025177
last_mth_cro_proj_nbr_target,16,AdaBoost,0.0,0.0,0.0,0.0,0.0,0.0,-0.003095254072762622,-0.003092114536797975,-0.0033191190957238014,-0.004016264586517354
last_mth_dep_proj_nbr_source,17,ET,0.0,0.0,0.0,0.0,0.0,0.0,0.0,0.0,0.0,0.0
last_mth_dep_proj_nbr_source,17,RF,0.30769230769230776,0.2666666666666667,0.368421052631579,0.2916666666666667,-0.040000000000000036,0.48275862068965525,0.12903225806451607,0.42857142857142855,0.07317073170731714,0.0937499999999999
last_mth_dep_proj_nbr_source,17,XGBoost,0.0,0.1389242559671402,0.4045702815055847,0.06045406311750412,-0.02129308506846428,0.0685906931757927,0.029838450253009796,0.04315854609012604,0.05442525073885918,-0.07906433939933777
last_mth_dep_proj_nbr_source,17,AdaBoost,0.0,0.0,0.0,0.0,0.0,0.0,0.0,0.0,0.0,0.0
cross_project_changes_target,17,ET,0.0,0.0,0.0,0.0,0.0,0.0,0.0,0.0,0.0,-1.0
cross_project_changes_target,17,RF,0.23076923076923075,0.2666666666666667,0.0,0.0,0.040000000000000036,-0.17241379310344826,-0.09677419354838701,-0.04761904761904753,-0.02439024390243891,-0.06250000000000006
cross_project_changes_target,17,XGBoost,0.0,-0.2792579233646393,-0.07138479501008987,0.0,0.0,0.017348580062389374,0.0,-0.02341563254594803,0.1353112906217575,0.04027364403009415
cross_project_changes_target,17,AdaBoost,0.0,0.0,0.0,0.0,0.0,0.0,0.0,0.0,0.0,0.004440931930667067
src_trgt_co_changed_nbr,18,ET,0.0,0.0,0.0,0.0,0.0,0.0,0.0,0.0,0.0,-1.0
src_trgt_co_changed_nbr,18,RF,0.15384615384615377,0.06666666666666674,-0.15789473684210525,-0.0833333333333333,-0.07999999999999996,-0.06896551724137918,-0.09677419354838701,0.0,-0.09756097560975606,0.06250000000000006
src_trgt_co_changed_nbr,18,XGBoost,0.3030976951122284,-0.060723476111888885,-0.17417463660240173,-0.17298772931098938,-0.07477550953626633,-0.08586084097623825,-0.06127467006444931,0.0,-0.09300355613231659,-0.11836361140012741
src_trgt_co_changed_nbr,18,AdaBoost,0.0,0.0,0.0,0.0,0.0,0.0,0.0,0.0,0.0,0.0
pctg_inter_dep_cha,18,ET,0.0,0.0,0.0,0.0,0.0,0.0,0.0,0.0,0.0,0.0
pctg_inter_dep_cha,18,RF,0.15384615384615377,0.0,0.0,-0.04166666666666659,0.08000000000000007,-0.06896551724137918,0.0,0.14285714285714285,-0.04878048780487796,0.03125000000000003
pctg_inter_dep_cha,18,XGBoost,-0.2696189880371094,-0.067226342856884,-0.1204598918557167,-0.03957070782780647,-0.011694352142512798,-0.0007220436818897724,-0.049153946340084076,-0.010638604871928692,-0.016618486493825912,-0.05243915319442749
pctg_inter_dep_cha,18,AdaBoost,0.0,0.0,0.0,0.0,0.0,0.0,0.0,0.0,0.0,0.0
deletions_target,19,ET,0.0,0.0,0.0,0.0,0.0,0.0,0.0,0.0,0.0,-1.0
deletions_target,19,RF,0.0,0.2,-0.05263157894736847,0.041666666666666706,0.08000000000000007,0.03448275862068969,0.09677419354838718,-0.19047619047619038,-0.09756097560975606,-0.09375000000000008
deletions_target,19,XGBoost,-0.627932071685791,-0.13882894814014435,0.0,0.013793370686471462,-0.054267480969429016,0.15269139409065247,-0.11501480638980865,-0.28089210391044617,0.04121691733598709,0.032288018614053726
deletions_target,19,AdaBoost,0.0,0.0,0.0,0.0,0.0,0.0,0.0,0.0,-0.002578117193869664,0.0
deletions_source,19,ET,0.0,0.0,0.0,0.0,0.0,0.0,0.0,0.0,0.0,0.0
deletions_source,19,RF,0.07692307692307698,0.46666666666666673,0.3157894736842105,0.2916666666666667,0.24,0.24137931034482762,-0.12903225806451607,0.19047619047619052,0.07317073170731714,0.0937499999999999
deletions_source,19,XGBoost,0.9997001886367798,-0.09437402337789536,0.0,0.020742051303386688,-0.040555670857429504,0.21616359055042267,0.03732377290725708,-0.042461078613996506,0.039556678384542465,0.027945982292294502
deletions_source,19,AdaBoost,0.0,0.0,0.0,0.0,0.0,0.0,0.0,0.0,0.0,0.0
cross_project_changes_owner_source,20,ET,0.0,0.0,0.0,0.0,0.0,0.0,0.0,0.0,0.0,0.0
cross_project_changes_owner_source,20,RF,0.0,0.06666666666666674,0.1052631578947368,-0.0833333333333333,-0.07999999999999996,0.06896551724137938,0.0,0.14285714285714285,-0.17073170731707307,0.06250000000000006
cross_project_changes_owner_source,20,XGBoost,0.0,0.01538526825606823,-0.08503993600606918,-0.022700168192386627,0.01215099636465311,-0.004188321530818939,0.011209097690880299,0.03498431667685509,-0.008619491010904312,0.0
cross_project_changes_owner_source,20,AdaBoost,0.0,0.0,0.0,0.0,0.0,0.0,0.0,0.0,0.0,0.0
project_changes_owner_target,21,ET,0.0,0.0,0.0,0.0,0.0,0.0,0.0,0.0,0.0,0.0
project_changes_owner_target,21,RF,0.07692307692307698,-0.13333333333333328,0.0,0.0,0.040000000000000036,0.0,0.0,0.14285714285714285,-0.02439024390243891,0.03125000000000003
project_changes_owner_target,21,XGBoost,-0.3588835597038269,-0.3626459836959839,0.011611985974013805,-0.06810059398412704,0.0,0.0,0.0,-0.017703374847769737,-0.037408098578453064,0.0
project_changes_owner_target,21,AdaBoost,-0.003355884664988624,0.0,0.0,0.0,0.0,0.0,0.0,0.0,0.0,0.0
dev_in_src_change_nbr,21,ET,0.0,0.0,0.0,0.0,0.0,0.0,0.0,0.0,0.0,0.0
dev_in_src_change_nbr,21,RF,-0.07692307692307698,0.0,0.05263157894736847,0.1250000000000001,0.08000000000000007,0.06896551724137938,-0.09677419354838701,0.09523809523809533,-0.02439024390243891,0.03125000000000003
dev_in_src_change_nbr,21,XGBoost,-0.004531241022050381,0.08193529397249222,-0.12118547409772873,0.03002234920859337,-0.0621783547103405,0.03252492472529411,-0.0059642489068210125,0.0,-0.0007581280078738928,-0.06131599843502045
dev_in_src_change_nbr,21,AdaBoost,0.0,0.0,0.0,0.0,0.0,0.0,0.0,0.0,0.0,0.0
del_lines_sim,22,ET,0.0,0.0,-1.0,0.0,0.0,0.0,0.0,0.0,0.0,0.0
del_lines_sim,22,RF,0.23076923076923075,0.2,0.21052631578947373,0.041666666666666706,0.0,0.06896551724137938,0.0,-0.04761904761904753,0.0,0.03125000000000003
del_lines_sim,22,XGBoost,0.16426438093185425,0.06748919934034348,0.0,0.0,0.0,0.0,-0.03962960094213486,0.0,0.0,0.04532816633582115
del_lines_sim,22,AdaBoost,0.002775665841177907,0.0,0.0,0.0,0.0,0.0,0.0,0.0,0.0,0.0
last_mth_cro_proj_nbr_source,22,ET,0.0,0.0,0.0,0.0,0.0,0.0,0.0,0.0,0.0,0.0
last_mth_cro_proj_nbr_source,22,RF,0.23076923076923075,0.0,-0.05263157894736847,0.0,0.040000000000000036,0.24137931034482762,0.16129032258064513,0.14285714285714285,0.0,0.06250000000000006
last_mth_cro_proj_nbr_source,22,XGBoost,-0.03111877851188183,-0.21964207291603088,-0.08690254390239716,0.0,0.0,-0.009225537069141865,-0.08583635836839676,0.03832119330763817,0.0,-0.24076056480407715
last_mth_cro_proj_nbr_source,22,AdaBoost,0.0,0.0,0.0,0.0,0.0,0.0,0.0,0.0,0.0,0.0
cross_project_changes_source,23,ET,0.0,0.0,0.0,0.0,0.0,0.0,0.0,0.0,0.0,0.0
cross_project_changes_source,23,RF,0.07692307692307698,-0.06666666666666654,0.0,0.0,-0.040000000000000036,0.0,0.06451612903225812,0.33333333333333354,0.0,-0.06250000000000006
cross_project_changes_source,23,XGBoost,0.0,0.005317302420735359,-0.07138479501008987,0.0,-0.013335972093045712,0.0,0.05940653383731842,-0.0044041951186954975,0.01436435803771019,-0.012939231470227242
cross_project_changes_source,23,AdaBoost,0.0,0.0,0.0,0.0,0.0,0.0,0.0,0.0,0.0,0.0
rev_in_src_change_nbr,23,ET,0.0,0.0,0.0,0.0,0.0,0.0,0.0,0.0,0.0,0.0
rev_in_src_change_nbr,23,RF,0.15384615384615377,0.3333333333333335,0.21052631578947373,0.0,0.32000000000000006,0.06896551724137938,0.03225806451612906,0.0,0.0,0.0
rev_in_src_change_nbr,23,XGBoost,0.3956264853477478,0.03322531282901764,0.4008147716522217,0.15449462831020355,0.12973055243492126,-0.04148862138390541,0.039640653878450394,0.0,0.0,0.0
rev_in_src_change_nbr,23,AdaBoost,0.003648660947617109,0.0,0.0,0.0,0.0,0.0,0.0,0.0,0.0,0.0
pctg_cross_project_changes_owner_source,24,ET,0.0,0.0,0.0,0.0,0.0,0.0,0.0,0.0,0.0,0.0
pctg_cross_project_changes_owner_source,24,RF,0.07692307692307698,-0.06666666666666654,0.0,0.0,0.040000000000000036,0.0,0.0,0.0,0.0,0.0
pctg_cross_project_changes_owner_source,24,XGBoost,0.0,0.005317302420735359,-0.07138479501008987,0.0,0.0,0.0,0.0,0.0,0.0,0.0
pctg_cross_project_changes_owner_source,24,AdaBoost,0.0,0.0,0.0,0.0,0.0,0.0,0.0,0.0,0.0,0.0
is_preventive_source,25,ET,0.0,0.0,-1.0,0.0,0.0,0.0,0.0,0.0,0.0,0.0
is_preventive_source,25,RF,0.3846153846153845,0.2666666666666667,0.1052631578947368,0.25,0.15999999999999992,0.37931034482758635,0.12903225806451607,0.5714285714285715,-0.02439024390243891,0.0
is_preventive_source,25,XGBoost,0.3390425443649292,-0.027899116277694702,0.05046430975198746,0.10232070088386536,0.16269829869270325,0.06588714569807053,0.055902570486068726,0.08069974184036255,0.13284803926944733,0.06176794692873955
is_preventive_source,25,AdaBoost,0.0,0.0024740818024786893,0.003881338271078735,0.004162455998141002,0.002524313904073708,0.0023288040709817047,0.00286189658067863,0.0030006572517909053,0.0029713448182983907,0.0030577193943753154
pctg_cross_project_changes_owner_target,25,ET,0.0,0.0,0.0,0.0,0.0,0.0,0.0,0.0,0.0,0.0
pctg_cross_project_changes_owner_target,25,RF,0.0,0.06666666666666674,-0.05263157894736847,0.041666666666666706,0.0,0.0,0.0,0.0,0.0,0.0
pctg_cross_project_changes_owner_target,25,XGBoost,0.0,-0.1094365194439888,-0.019096460193395615,0.10470616817474365,0.0,0.0,0.0,0.0,0.0,0.0
pctg_cross_project_changes_owner_target,25,AdaBoost,0.0,0.0,0.0,0.0,0.0,0.0,0.0,0.0,0.0,0.0
project_changes_owner_source,26,ET,0.0,0.0,0.0,0.0,0.0,0.0,0.0,0.0,0.0,0.0
project_changes_owner_source,26,RF,-0.07692307692307698,-0.06666666666666654,0.1052631578947368,0.0,0.040000000000000036,0.0,0.0,0.0,0.0,0.0
project_changes_owner_source,26,XGBoost,-0.05169360712170601,0.005317302420735359,0.3016001880168915,0.015130072832107544,0.0,0.0,0.0,0.0,0.0,0.0
project_changes_owner_source,26,AdaBoost,0.0,0.0,0.0,0.0,0.0,0.0,0.0,0.0,0.0,0.0
num_file_types_target,26,ET,0.0,0.0,0.0,0.0,0.0,0.0,0.0,0.0,0.0,-1.0
num_file_types_target,26,RF,0.0,0.13333333333333347,0.1052631578947368,0.041666666666666706,-0.040000000000000036,0.10344827586206906,0.03225806451612906,0.0,0.0,-0.06250000000000006
num_file_types_target,26,XGBoost,-0.0681394562125206,0.0,0.0,-0.12397509068250656,-0.03196835517883301,-0.0481005422770977,-0.05151677131652832,-0.075202077627182,0.02809026464819908,0.01596110872924328
num_file_types_target,26,AdaBoost,0.0,0.0,0.0,-0.002190269478424546,0.0,-0.002913563619909221,-0.002796807417580396,-0.0026515260275556895,-0.0032163931621184594,-0.0028342281054254325
is_corrective_target,27,ET,0.0,0.0,0.0,0.0,0.0,0.0,0.0,0.0,0.0,-1.0
is_corrective_target,27,RF,0.5384615384615385,0.0,0.1052631578947368,0.1250000000000001,-0.040000000000000036,0.06896551724137938,-0.03225806451612906,0.14285714285714285,0.04878048780487809,0.0
is_corrective_target,27,XGBoost,0.04736292362213135,0.0,0.06826725602149963,-0.004571077413856983,0.0,0.08154098689556122,0.027612008154392242,-0.0005213208496570587,0.003614356741309166,0.05022832006216049
is_corrective_target,27,AdaBoost,0.003556574122604426,0.002923637153195159,0.002328225526727186,0.0025525596318813127,0.002666526174224197,0.0019136556431101404,0.0,0.0,0.0,0.0019209270632343659
num_directory_files_target,27,ET,0.0,0.0,0.0,0.0,0.0,0.0,0.0,0.0,0.0,0.0
num_directory_files_target,27,RF,0.23076923076923075,0.13333333333333347,0.05263157894736847,0.0,-0.12,0.0,0.0,0.0,-0.04878048780487796,0.0
num_directory_files_target,27,XGBoost,-0.14914098381996155,-0.4081536531448364,-0.10663757473230362,0.0,-0.060707010328769684,0.0,0.0,0.0,0.020635338500142097,0.0
num_directory_files_target,27,AdaBoost,0.0,-0.0021922543106521392,0.0,0.0,0.0,0.0,0.0,0.0,0.0,0.0
num_file_types_source,28,ET,0.0,0.0,-1.0,0.0,0.0,0.0,0.0,0.0,0.0,0.0
num_file_types_source,28,RF,0.07692307692307698,0.0,0.0,0.0,0.0,-0.034482758620689495,0.0,-0.04761904761904753,-0.02439024390243891,0.0
num_file_types_source,28,XGBoost,0.0,0.0,0.0,0.0,0.0,0.0,0.0,0.0,-0.06867628544569016,-0.03969432786107063
num_file_types_source,28,AdaBoost,0.004100242391891962,0.0,0.0,0.0,0.0,0.0,0.0,0.0,0.0,0.0
has_feature_addition_source,29,ET,0.0,-1.0,0.0,-1.0,0.0,0.0,0.0,0.0,0.0,0.0
has_feature_addition_source,29,RF,-0.07692307692307698,-0.2,-0.15789473684210525,0.1250000000000001,-0.07999999999999996,0.10344827586206906,-0.03225806451612906,-0.14285714285714285,-0.17073170731707307,0.0
has_feature_addition_source,29,XGBoost,-0.4113786220550537,-0.048897597938776016,-0.26680219173431396,-0.10427827388048172,-0.16963067650794983,-0.08731428533792496,-0.08755437284708023,-0.1400296837091446,-0.002019484993070364,-0.08599342405796051
has_feature_addition_source,29,AdaBoost,-0.003427817502694808,-0.003332734679895824,-0.004060826606072124,-0.003248732136833948,-0.003305389203849264,-0.0037773497309080088,-0.0037350574487876056,-0.0036414080419386683,-0.00355579345455525,-0.002676404021070926
is_preventive_target,30,ET,0.0,0.0,0.0,-1.0,0.0,0.0,0.0,0.0,0.0,-1.0
is_preventive_target,30,RF,0.30769230769230776,0.0,0.0,-0.04166666666666659,0.040000000000000036,-0.06896551724137918,-0.03225806451612906,0.14285714285714285,0.04878048780487809,-0.09375000000000008
is_preventive_target,30,XGBoost,0.0,0.0,0.0,-0.012398846447467804,-0.05186159536242485,-0.13400278985500336,-0.04933319613337517,-0.06744492053985596,-0.08498342335224152,-0.06229626387357712
is_preventive_target,30,AdaBoost,0.0,0.0,0.0,0.0,0.0,-0.002381094501500647,-0.0025310721283104244,-0.002469582871989115,-0.0022845643663272717,-0.0030782588023847155
is_corrective_source,30,ET,0.0,0.0,0.0,-1.0,0.0,0.0,0.0,0.0,0.0,-1.0
is_corrective_source,30,RF,-0.15384615384615388,0.0,-0.1052631578947368,0.041666666666666706,-0.07999999999999996,-0.034482758620689495,-0.12903225806451607,-0.09523809523809519,-0.02439024390243891,-0.12499999999999993
is_corrective_source,30,XGBoost,-0.3249012231826782,-0.194588303565979,-0.08991032093763351,-0.10124745219945908,-0.1547832190990448,-0.13902413845062256,-0.10315676033496857,-0.07314415276050568,-0.1409185230731964,-0.0944109857082367
is_corrective_source,30,AdaBoost,-0.004691717346627672,-0.00324543746075066,-0.0030479422841479236,-0.0030377143432375646,-0.002360080519946191,-0.0026460651812080425,-0.0022184733298799444,-0.0020908804761531957,-0.0021196638023675387,-0.002006479076598249
is_refactoring_source,31,ET,0.0,0.0,-1.0,0.0,0.0,0.0,0.0,0.0,0.0,-1.0
is_refactoring_source,31,RF,0.30769230769230776,0.13333333333333347,0.21052631578947373,0.0,0.1200000000000001,0.06896551724137938,-0.06451612903225812,-0.04761904761904753,0.024390243902439046,0.0
is_refactoring_source,31,XGBoost,0.0,0.0,0.0,0.0,-0.03609958291053772,0.05027582868933678,0.0,0.0,0.03919031471014023,0.01764443889260292
is_refactoring_source,31,AdaBoost,0.0,0.0,0.0,0.0,0.0,0.0,0.0,0.0,0.0,0.0
is_refactoring_target,31,ET,0.0,-1.0,-1.0,0.0,0.0,0.0,0.0,0.0,0.0,0.0
is_refactoring_target,31,RF,0.07692307692307698,0.13333333333333347,0.0,0.041666666666666706,-0.07999999999999996,-0.06896551724137918,0.0,0.047619047619047665,-0.04878048780487796,-0.06250000000000006
is_refactoring_target,31,XGBoost,0.2710227966308594,0.11314740777015686,0.19210940599441528,0.05632244050502777,0.056211888790130615,0.0,0.0,-0.04182645305991173,-0.049454495310783386,-0.0019583592656999826
is_refactoring_target,31,AdaBoost,0.0,0.0,0.0,0.0,0.0,0.0,0.0,0.0,0.0,0.0
has_feature_addition_target,32,ET,0.0,0.0,0.0,-1.0,0.0,0.0,0.0,0.0,0.0,0.0
has_feature_addition_target,32,RF,0.0,0.06666666666666674,0.0,0.041666666666666706,0.040000000000000036,0.17241379310344845,0.03225806451612906,0.047619047619047665,0.04878048780487809,-0.09375000000000008
has_feature_addition_target,32,XGBoost,-0.32820233702659607,-0.019553545862436295,-0.05636065453290939,0.0322173573076725,-0.04304582625627518,0.0,-0.025778088718652725,-0.0500890351831913,-0.026944860816001892,-0.03343759477138519
has_feature_addition_target,32,AdaBoost,-0.0037879824835476135,0.0,0.0,0.0,0.0,0.0,0.0,0.0,0.0,0.0
num_directory_files_source,33,ET,0.0,0.0,0.0,0.0,0.0,0.0,0.0,0.0,0.0,0.0
num_directory_files_source,33,RF,0.15384615384615377,-0.06666666666666654,0.05263157894736847,0.0,0.040000000000000036,0.0,0.0,0.0,0.0,0.0
num_directory_files_source,33,XGBoost,0.0,-0.01402993593364954,0.23153787851333618,0.0,0.0,0.0,0.0,0.0,0.0,0.0
num_directory_files_source,33,AdaBoost,0.0,0.0,0.0,0.0,0.0,0.0,0.0,0.0,0.0,0.0
is_merge_source,33,ET,0.0,-1.0,0.0,-1.0,0.0,0.0,0.0,0.0,0.0,0.0
is_merge_source,33,RF,0.3846153846153845,0.4,0.5263157894736841,0.25,0.040000000000000036,0.13793103448275876,-0.06451612903225812,0.28571428571428586,-0.02439024390243891,0.0937499999999999
is_merge_source,33,XGBoost,-0.10588881373405457,0.24640323221683502,0.46364977955818176,0.06082151085138321,0.052966225892305374,0.16406789422035217,0.08292944729328156,0.06266283988952637,0.02874360792338848,0.0
is_merge_source,33,AdaBoost,0.007920328505543426,0.008020324897412414,0.004970139472155402,0.0,0.004142928297635624,0.004609339005476728,0.0,0.0,0.0,0.0
is_non_functional_target,34,ET,0.0,0.0,0.0,0.0,0.0,0.0,0.0,0.0,0.0,-1.0
is_non_functional_target,34,RF,0.15384615384615377,0.0,0.05263157894736847,0.0,0.15999999999999992,0.10344827586206906,-0.06451612903225812,-0.04761904761904753,0.024390243902439046,-0.03125000000000003
is_non_functional_target,34,XGBoost,0.0,-0.34398117661476135,0.0,0.0,0.0,-0.07675198465585709,-0.07975947111845016,-0.09115129709243774,0.0,-0.06710709631443024
is_non_functional_target,34,AdaBoost,0.0,0.0,0.0,0.0,0.0,0.0,0.0,0.0,0.0,0.0
is_non_functional_source,34,ET,0.0,0.0,0.0,-1.0,0.0,0.0,0.0,0.0,0.0,0.0
is_non_functional_source,34,RF,0.07692307692307698,0.13333333333333347,0.05263157894736847,0.08333333333333341,0.1200000000000001,-0.06896551724137918,-0.06451612903225812,0.09523809523809533,0.0,-0.03125000000000003
is_non_functional_source,34,XGBoost,0.0,-0.0896180123090744,0.0,0.0,0.0,0.0,-0.12051445245742798,0.0,0.0,-0.012840760871767998
is_non_functional_source,34,AdaBoost,0.0,0.0,0.0,0.0,0.0,0.0,0.0,0.0,0.0,0.0
is_merge_target,35,ET,0.0,0.0,0.0,-1.0,0.0,0.0,0.0,0.0,0.0,-1.0
is_merge_target,35,RF,0.15384615384615377,0.0,0.15789473684210525,0.1250000000000001,-0.040000000000000036,-0.034482758620689495,0.03225806451612906,0.09523809523809533,0.0,-0.03125000000000003
is_merge_target,35,XGBoost,-0.15678276121616364,-0.09468261152505875,-0.20487454533576965,-0.01579982414841652,-0.0802026093006134,-0.10006113350391388,0.12413817644119263,-0.002283054403960705,-0.09633016586303711,0.0
is_merge_target,35,AdaBoost,0.0,-0.006771881115931373,-0.005936550655233807,-0.004861702048576631,0.0,0.0,0.0,0.0,0.0,0.0
